author	IDF_val
terrypratchett	2.112742458247829
neilgaiman	2.2414090673753724
charlottebront	3.226685810554666
michaelmason	3.402777069610347
jdsalinger	3.0048370609383097
richardadams	3.402777069610347
nortonjuster	3.402777069610347
julesfeiffer	3.402777069610347
williamgoldman	3.226685810554666
robertaheinlein	2.7038070652743285
orsonscottcard	2.6624143801161035
richarddawkins	2.9256558148906846
stephenking	1.7795277792124466
berniewrightson	3.0048370609383097
peterstraub	3.0048370609383097
bettinablanchtyroller	3.402777069610347
alanmoore	2.9256558148906846
davegibbons	3.402777069610347
johnhiggins	3.402777069610347
chuckpalahniuk	2.6624143801161035
christophermoore	2.5576790295960903
ernesthemingway	2.7038070652743285
annetyler	2.8587090252600715
jenniferbassett	3.402777069610347
raybradbury	2.9256558148906846
kurtvonnegutjr	2.473358143896055
huntersthompson	3.0048370609383097
ralphsteadman	3.402777069610347
danbrown	2.8587090252600715
isaacasimov	2.473358143896055
arthurcclarke	2.7038070652743285
oscarwilde	2.8007170782823847
jeffreyeugenides	3.0048370609383097
frankherbert	2.8007170782823847
richardmatheson	3.101747073946366
williamgolding	3.402777069610347
thwhite	3.226685810554666
billwatterson	2.7038070652743285
breteastonellis	2.9256558148906846
douglasadams	2.6624143801161035
kenkesey	3.402777069610347
annerice	2.305867056602291
davidlloyd	3.402777069610347
johnsteinbeck	2.7038070652743285
josephconrad	3.0048370609383097
anthonyburgess	3.402777069610347
robertlouisstevenson	2.8587090252600715
vladimirnabokov	3.0048370609383097
mervynpeake	3.402777069610347
danchaon	3.226685810554666
chinuaachebe	3.402777069610347
kenfollett	2.7495645558350033
alexandredumas	3.226685810554666
robinbuss	3.402777069610347
arthurgolden	3.402777069610347
georgeorwell	3.0048370609383097
marktwain	2.8587090252600715
johnseelye	3.226685810554666
guycardwell	3.226685810554666
alicesebold	3.101747073946366
markhaddon	3.226685810554666
suemonkkidd	3.101747073946366
audreyniffenegger	3.226685810554666
williamshakespeare	2.381587770540409
robertjackson	3.101747073946366
barbarakingsolver	2.7495645558350033
khaledhosseini	3.0048370609383097
paulocoelho	2.7495645558350033
alanrclarke	3.226685810554666
elizabethgilbert	3.226685810554666
margaretatwood	2.6246258192267033
gregorymaguire	2.9256558148906846
douglassmith	3.101747073946366
craigraine	3.402777069610347
gabrielgarcamrquez	2.8587090252600715
gregoryrabassa	3.0048370609383097
daveeggers	3.101747073946366
louisamayalcott	3.0048370609383097
aynrand	2.9256558148906846
leonardpeikoff	3.101747073946366
isabelallende	2.7038070652743285
magdabogin	3.402777069610347
ralphellison	3.402777069610347
ianmcewan	2.8587090252600715
janeausten	2.7038070652743285
jameskinsley	3.402777069610347
deidreshaunalynch	3.402777069610347
fionastafford	3.402777069610347
tonytanner	3.226685810554666
rosballaster	3.402777069610347
johnkennedytoole	3.402777069610347
walkerpercy	3.402777069610347
nealstephenson	2.7038070652743285
shelsilverstein	2.9256558148906846
davidsedaris	2.7038070652743285
jrrtolkien	2.6624143801161035
aldoushuxley	2.9256558148906846
jhumpalahiri	3.0048370609383097
janetfitch	3.402777069610347
augustenburroughs	2.9256558148906846
jodipicoult	2.381587770540409
wallylamb	3.0048370609383097
johnirving	2.7495645558350033
lmmontgomery	2.6624143801161035
michaelcrichton	2.5576790295960903
dantealighieri	3.226685810554666
allenmandelbaum	3.402777069610347
eugeniomontale	3.402777069610347
josephheller	3.402777069610347
ericschlosser	3.402777069610347
thomasharris	3.0048370609383097
harperlee	3.226685810554666
annieproulx	3.101747073946366
marjanesatrapi	3.101747073946366
mattiasripa	3.226685810554666
roalddahl	2.6624143801161035
quentinblake	2.6624143801161035
cslewis	2.3613843844521223
tomrobbins	2.9256558148906846
samkieth	3.226685810554666
mikedringenberg	3.0048370609383097
malcolmjonesiii	2.9256558148906846
toddklein	2.6624143801161035
karenberger	3.402777069610347
cormacmccarthy	2.9256558148906846
philippullman	2.8007170782823847
danielkeyes	3.402777069610347
susannaclarke	3.402777069610347
homer	3.101747073946366
robertfagles	3.0048370609383097
evrieu	3.402777069610347
frdricmugler	3.226685810554666
bernardknox	3.101747073946366
ebwhite	3.0048370609383097
garthwilliams	2.7495645558350033
louissachar	3.226685810554666
jonathanswift	3.226685810554666
robertdemariajr	3.402777069610347
geoffreychaucer	3.402777069610347
nevillcoghill	3.402777069610347
nathanielhawthorne	3.226685810554666
thomaseconnolly	3.402777069610347
ninabaym	3.402777069610347
billbryson	2.6246258192267033
christopherhitchens	3.101747073946366
terrygoodkind	2.6246258192267033
robertjordan	2.5576790295960903
nickhornby	2.9256558148906846
williamfaulkner	2.9256558148906846
frankmccourt	3.101747073946366
emilybront	3.402777069610347
richardjdunn	3.402777069610347
victorhugo	3.226685810554666
leefahnestock	3.402777069610347
normanmacafee	3.402777069610347
jacobgrimm	3.402777069610347
wilhelmgrimm	3.402777069610347
josefscharl	3.402777069610347
padraiccolum	3.402777069610347
josephcampbell	3.101747073946366
margaretrainehunt	3.402777069610347
jamesstern	3.226685810554666
danielquinn	3.402777069610347
maxbrooks	3.226685810554666
lauriehalseanderson	2.9256558148906846
stepheniemeyer	2.7495645558350033
shermanalexie	3.226685810554666
ellenforney	3.402777069610347
johngreen	2.8587090252600715
madeleinelengle	3.0048370609383097
scottodell	3.402777069610347
stephenchbosky	3.402777069610347
beatricesparks	3.402777069610347
anonymous	2.7038070652743285
judyblume	2.8007170782823847
jerryspinelli	3.226685810554666
annbrashares	2.8587090252600715
christopherpaolini	2.9256558148906846
paulinebaynes	3.101747073946366
libbabray	3.0048370609383097
katherinepaterson	3.101747073946366
tonimorrison	2.8587090252600715
georgerrmartin	2.7495645558350033
marionzimmerbradley	3.0048370609383097
eoincolfer	2.7495645558350033
annefrank	3.402777069610347
eleanorroosevelt	3.402777069610347
bmmooyaartdoubleday	3.402777069610347
eliewiesel	3.402777069610347
marionwiesel	3.402777069610347
jonkrakauer	3.0048370609383097
mitchalbom	3.0048370609383097
sauliusdagys	3.402777069610347
marywollstonecraftshelley	3.402777069610347
percybyssheshelley	3.402777069610347
mauricehindle	3.402777069610347
anitadiamant	3.101747073946366
margaretmitchell	3.402777069610347
unknown	3.226685810554666
seamusheaney	3.402777069610347
johnmilton	3.402777069610347
johnleonard	3.402777069610347
agathachristie	2.5576790295960903
alexandermccallsmith	3.101747073946366
ellenraskin	3.402777069610347
	2.7038070652743285
mauricesendak	3.101747073946366
drseuss	2.527715806218647
rosemarywells	3.402777069610347
franceshodgsonburnett	3.226685810554666
ericcarle	3.0048370609383097
elkonigsburg	3.402777069610347
nancybond	3.402777069610347
lauraingallswilder	2.9256558148906846
artspiegelman	3.0048370609383097
sehinton	3.226685810554666
loislowry	2.9256558148906846
dianagabaldon	2.7038070652743285
craigthompson	3.402777069610347
philippagregory	2.6624143801161035
plato	3.402777069610347
desmondlee	3.402777069610347
henrydavidthoreau	3.226685810554666
lemonysnicket	2.527715806218647
bretthelquist	2.527715806218647
judibarrett	3.402777069610347
ronbarrett	3.402777069610347
lfrankbaum	3.101747073946366
wwdenslow	3.402777069610347
sarahdunant	3.226685810554666
erichmariaremarque	3.402777069610347
awwheen	3.402777069610347
zadiesmith	3.226685810554666
mayaangelou	3.101747073946366
susannakaysen	3.402777069610347
arthurmiller	3.101747073946366
christopherbigsby	3.226685810554666
samuelbeckett	3.402777069610347
tennesseewilliams	3.101747073946366
rebeccawells	3.402777069610347
susanbethpfeffer	3.402777069610347
astridlindgren	3.402777069610347
laurenchild	3.402777069610347
florencelamborn	3.402777069610347
nancyseligsohn	3.402777069610347
sylviaplath	3.101747073946366
charlesdickens	2.6246258192267033
georgecruikshank	3.402777069610347
philiphorne	3.402777069610347
pearlsbuck	3.402777069610347
ursulakleguin	2.9256558148906846
nicholassparks	2.473358143896055
jasperfforde	3.101747073946366
barbaraamowat	2.8587090252600715
paulwerstine	2.8587090252600715
catherinebelsey	3.402777069610347
edithgrossman	3.226685810554666
richardbachman	2.7495645558350033
williamolivierdesmond	3.402777069610347
davemckean	2.9256558148906846
mariemilpois	3.402777069610347
darrelanderson	3.402777069610347
neddameron	3.402777069610347
johndmacdonald	3.402777069610347
dominiquedill	3.402777069610347
saragruen	3.101747073946366
christophertolkien	3.226685810554666
tednasmith	3.402777069610347
dennislehane	2.8007170782823847
harrietbeecherstowe	3.402777069610347
timlahaye	2.6246258192267033
jerrybjenkins	2.6246258192267033
jamespatterson	1.9634443757800848
peterdejonge	3.402777069610347
richardmaxwell	3.402777069610347
hablotknightbrowne	3.226685810554666
jkrowling	2.425053464321499
marygrandpr	2.7495645558350033
rufusbeck	3.402777069610347
frankeperetti	2.8587090252600715
charlesfrazier	3.402777069610347
jenniferweiner	2.7495645558350033
gailkernpaster	3.402777069610347
emilygiffin	2.8587090252600715
sophiekinsella	2.5898637129674915
emmamclaughlin	3.402777069610347
nicolakraus	3.402777069610347
laurenweisberger	3.0048370609383097
janetevanovich	2.305867056602291
loreleiking	3.226685810554666
carsonmccullers	3.402777069610347
billieletts	3.402777069610347
chrisbohjalian	3.226685810554666
bernhardschlink	3.402777069610347
carolbrownjaneway	3.402777069610347
tracychevalier	2.8587090252600715
amytan	2.8587090252600715
vcandrews	3.0048370609383097
kazuoishiguro	3.0048370609383097
fscottfitzgerald	2.9256558148906846
antoinedesaintexupry	3.402777069610347
richardhoward	3.226685810554666
dommarcosbarbosa	3.402777069610347
melinakarakosta	3.402777069610347
thomashardy	2.9256558148906846
timdolin	3.402777069610347
margaretrhigonnet	3.402777069610347
hermannhesse	2.9256558148906846
hildarosner	3.402777069610347
willacather	3.101747073946366
fyodordostoyevsky	2.9256558148906846
davidmcduff	3.402777069610347
bettysmith	3.402777069610347
erichfromm	3.226685810554666
cellster	3.402777069610347
azarnafisi	3.402777069610347
viktorefrankl	3.402777069610347
edithwharton	3.0048370609383097
maureenhoward	3.226685810554666
emforster	3.0048370609383097
lauraesquivel	3.402777069610347
thomaschristensen	3.402777069610347
carolchristensen	3.402777069610347
richardandrews	3.402777069610347
rexgibson	3.402777069610347
crockettjohnson	3.402777069610347
harryallard	3.226685810554666
jamesmarshall	3.226685810554666
elizabethgeorgespeare	3.101747073946366
garypaulsen	3.402777069610347
barbaraehrenreich	3.402777069610347
williampaulyoung	3.402777069610347
tatianaderosnay	3.402777069610347
jeannettewalls	3.101747073946366
gregmortenson	3.226685810554666
davidoliverrelin	3.402777069610347
markuszusak	3.226685810554666
johngrogan	3.402777069610347
shannonhale	3.0048370609383097
gailcarsonlevine	3.101747073946366
elizabethkostova	3.226685810554666
timobrien	3.402777069610347
davidmccullough	3.0048370609383097
jamesfrey	3.226685810554666
franzkafka	2.7495645558350033
stanleycorngold	3.402777069610347
allenginsberg	3.402777069610347
williamcarloswilliams	3.402777069610347
gustaveflaubert	3.402777069610347
margaretmauldon	3.402777069610347
malcolmbowie	3.402777069610347
markoverstall	3.402777069610347
evelynwaugh	3.226685810554666
bramstoker	3.402777069610347
ninaauerbach	3.402777069610347
davidjskal	3.402777069610347
georgeeliot	3.226685810554666
michelfaber	3.101747073946366
walterisaacson	3.101747073946366
virginiawoolf	2.8587090252600715
constancegarnett	3.402777069610347
alanmyers	3.402777069610347
josephfrank	3.402777069610347
annabrailovsky	3.402777069610347
albertcamus	3.101747073946366
matthewward	3.402777069610347
briangreene	3.226685810554666
lewiscarroll	3.226685810554666
johntenniel	3.226685810554666
martingardner	3.402777069610347
robertludlum	2.8587090252600715
rickwarren	3.402777069610347
danieldefoe	3.226685810554666
geraldmccann	3.402777069610347
friedrichnietzsche	3.0048370609383097
walterkaufmann	3.101747073946366
johnberendt	3.226685810554666
jeremytambling	3.402777069610347
niccolmachiavelli	3.402777069610347
adolphcaso	3.402777069610347
rufusgoodwin	3.402777069610347
benjaminmartinez	3.402777069610347
davidwroblewski	3.402777069610347
ellenhopkins	2.8007170782823847
lisasee	2.9256558148906846
charlaineharris	2.527715806218647
sharoncreech	3.226685810554666
dianesetterfield	3.402777069610347
jamesjoyce	3.0048370609383097
seamusdeane	3.402777069610347
gbtrudeau	3.402777069610347
uptonsinclair	3.402777069610347
earllee	3.402777069610347
kathleendegrave	3.402777069610347
johnknowles	3.402777069610347
johngrisham	2.3420792292567354
sandracisneros	3.402777069610347
chrisvanallsburg	3.402777069610347
junotdaz	3.226685810554666
nicolekrauss	3.402777069610347
tanafrench	2.9256558148906846
stevendlevitt	3.226685810554666
stephenjdubner	3.226685810554666
kimedwards	3.402777069610347
eriklarson	2.9256558148906846
tonygoldwyn	3.402777069610347
daphnedumaurier	3.226685810554666
sallybeauman	3.402777069610347
nataliebabbitt	3.402777069610347
milankundera	3.101747073946366
michaelhenryheim	3.226685810554666
davidguterson	3.402777069610347
kathrynsutherland	3.402777069610347
clairelamont	3.402777069610347
alfredmacadam	3.402777069610347
walterjcobb	3.402777069610347
jacklondon	2.8587090252600715
howardzinn	3.402777069610347
kathyreichs	2.6246258192267033
sethgrahamesmith	3.226685810554666
richardpevear	3.101747073946366
larissavolokhonsky	3.101747073946366
mikhailbulgakov	3.226685810554666
katherinetiernanoconnor	3.402777069610347
dianaburgin	3.402777069610347
ellendeaproffer	3.402777069610347
margaretsayerspeden	2.9256558148906846
leotolstoy	3.101747073946366
louisemaude	3.226685810554666
leotolstoj	3.402777069610347
aylmermaude	3.101747073946366
michaelchabon	3.0048370609383097
patconroy	3.0048370609383097
katechopin	3.226685810554666
romagill	3.402777069610347
voltaire	3.402777069610347
emmuskaorczy	3.402777069610347
jmbarrie	3.402777069610347
michaelhague	3.402777069610347
trumancapote	3.226685810554666
annasewell	3.402777069610347
kennethgrahame	3.402777069610347
gillianavery	3.402777069610347
johannaspyri	3.402777069610347
angelorinaldi	3.402777069610347
beverlycleary	2.8007170782823847
margerywilliamsbianco	3.402777069610347
williamnicholson	3.226685810554666
basilcreighton	3.402777069610347
umbertoeco	3.101747073946366
williamweaver	2.9256558148906846
senbarrett	3.402777069610347
lynnereidbanks	3.402777069610347
ludwigbemelmans	3.226685810554666
jeanmauel	2.8587090252600715
hermanmelville	3.101747073946366
andrewdelbanco	3.402777069610347
tomquirk	3.402777069610347
williammakepeacethackeray	3.402777069610347
johncarey	3.402777069610347
everetthemerson	3.402777069610347
edgarallanpoe	2.7495645558350033
arthurconandoyle	2.6624143801161035
zoranealehurston	3.402777069610347
jerijohnson	3.402777069610347
sophocles	3.226685810554666
jethomas	3.226685810554666
edwinmuir	3.226685810554666
willamuir	3.226685810554666
maxbrod	3.226685810554666
andrewrmacandrew	3.402777069610347
benmarcus	3.402777069610347
stuartgilbert	3.226685810554666
hanschristianandersen	3.101747073946366
lilyowens	3.402777069610347
arthurrackham	3.402777069610347
hansrichter	3.402777069610347
kahlilgibran	3.402777069610347
aamilne	3.0048370609383097
ernesthshepard	2.9256558148906846
williamgibson	2.9256558148906846
richardbach	3.226685810554666
russellmunson	3.402777069610347
philipkdick	2.8587090252600715
rogerzelazny	3.0048370609383097
robertmpirsig	3.402777069610347
raymondchandler	3.0048370609383097
jamesherriot	3.226685810554666
petersbeagle	3.402777069610347
michaelende	3.402777069610347
ralphmanheim	3.226685810554666
roswithaquadflieg	3.402777069610347
malcolmx	3.402777069610347
alexhaley	3.226685810554666
joandidion	3.402777069610347
lynnetruss	3.226685810554666
simonwinchester	3.226685810554666
joycecaroloates	3.402777069610347
alicewalker	3.226685810554666
francesmayes	3.402777069610347
michaelcunningham	3.101747073946366
rosemariemorgan	3.402777069610347
shannonrussell	3.402777069610347
carlsagan	3.0048370609383097
harukimurakami	2.527715806218647
philipgabriel	2.8007170782823847
richardrusso	3.226685810554666
geraldinebrooks	3.0048370609383097
andredubusiii	3.402777069610347
christinaschwarz	3.402777069610347
johnboyne	3.226685810554666
judithviorst	3.402777069610347
raycruz	3.402777069610347
leonuris	3.0048370609383097
patricksskind	3.402777069610347
johnewoods	3.101747073946366
calebcarr	3.226685810554666
jamesclavell	3.0048370609383097
mariopuzo	3.0048370609383097
robertthompson	3.402777069610347
peterbart	3.402777069610347
anitashreve	2.9256558148906846
sarahdessen	3.0048370609383097
scottwesterfeld	2.7038070652743285
deankoontz	2.0505945514989845
andrewgross	3.226685810554666
migueldecervantessaavedra	3.402777069610347
robertogonzlezechevarra	3.402777069610347
johnrutherford	3.402777069610347
megcabot	2.3235958235627225
barackobama	3.226685810554666
randypausch	3.402777069610347
jeffreyzaslow	3.402777069610347
jeanneduprau	3.0048370609383097
katedicamillo	3.101747073946366
timothybasilering	3.402777069610347
robertmunsch	3.226685810554666
sheilamcgraw	3.402777069610347
laurajoffenumeroff	3.101747073946366
feliciabond	3.101747073946366
pdeastman	3.226685810554666
donfreeman	3.226685810554666
billmartinjr	3.101747073946366
jonscieszka	3.226685810554666
lanesmith	3.226685810554666
jackkerouac	3.101747073946366
arundhatiroy	3.402777069610347
jossaramago	3.101747073946366
giovannipontiero	3.402777069610347
corrietenboom	3.402777069610347
johnsherrill	3.226685810554666
elizabethsherrill	3.226685810554666
colleenmccullough	3.226685810554666
jonathansafranfoer	3.101747073946366
jareddiamond	3.101747073946366
dianawynnejones	3.402777069610347
williampeterblatty	3.402777069610347
maryannshaffer	3.402777069610347
anniebarrows	3.402777069610347
chrissheban	3.402777069610347
laurahillenbrand	3.226685810554666
jamesredfield	3.402777069610347
jdrobb	2.1986570869544226
brandonmull	2.9256558148906846
kathrynstockett	3.402777069610347
stieglarsson	3.0048370609383097
regkeeland	3.0048370609383097
carlosruizzafn	3.226685810554666
luciagraves	3.226685810554666
jayrubin	2.9256558148906846
annpatchett	2.8587090252600715
michaelpollan	3.0048370609383097
alfredbirnbaum	3.101747073946366
janegreen	2.8587090252600715
malcolmgladwell	2.9256558148906846
henrygifford	3.402777069610347
stephenrcovey	3.226685810554666
jonathanfranzen	3.226685810554666
rohintonmistry	3.402777069610347
michaelconnelly	2.381587770540409
larrymcmurtry	3.101747073946366
salmanrushdie	2.9256558148906846
hgwells	3.0048370609383097
gregbear	3.101747073946366
carlopagetti	3.402777069610347
pltravers	3.402777069610347
maryshepard	3.402777069610347
ezrajackkeats	3.402777069610347
rudyardkipling	3.101747073946366
donnatartt	3.101747073946366
josteingaarder	3.402777069610347
paulettemller	3.402777069610347
lionelshriver	3.226685810554666
margaretjullcosta	2.9256558148906846
markzdanielewski	3.402777069610347
dondelillo	3.101747073946366
nancyhoran	3.226685810554666
gastonleroux	3.402777069610347
alexanderteixeirademattos	3.402777069610347
elizabethstrout	3.101747073946366
levgrossman	3.101747073946366
suzannecollins	2.8007170782823847
jonstone	3.402777069610347
michaeljsmollin	3.402777069610347
dalailamaxiv	3.226685810554666
howardccutler	3.402777069610347
kamigarcia	3.402777069610347
margaretstohl	3.402777069610347
thomaskeneally	3.402777069610347
wilkiecollins	3.226685810554666
matthewsweet	3.402777069610347
mildreddtaylor	3.402777069610347
rosamundepilcher	3.402777069610347
gregorydavidroberts	3.402777069610347
rickriordan	2.425053464321499
alanbrennert	3.402777069610347
jamieford	3.402777069610347
jeffreyarcher	3.101747073946366
corneliafunke	2.9256558148906846
antheabell	3.0048370609383097
jonathanstroud	3.101747073946366
anneperry	3.402777069610347
newtscamander	3.402777069610347
albusdumbledore	3.402777069610347
briankvaughan	3.0048370609383097
piaguerra	3.402777069610347
josmarznjr	3.402777069610347
joanneharris	3.226685810554666
beatrixpotter	3.402777069610347
cassandraclare	2.7038070652743285
pccast	2.7495645558350033
kristincast	2.7495645558350033
melissadelacruz	3.0048370609383097
frankmiller	3.0048370609383097
klausjanson	3.402777069610347
lynnvarley	3.402777069610347
garthstein	3.402777069610347
aesop	3.402777069610347
lauraharris	3.402777069610347
lauragibbs	3.402777069610347
wattypiper	3.402777069610347
dorishauman	3.402777069610347
georgehauman	3.402777069610347
sammcbratney	3.402777069610347
anitajeram	3.402777069610347
vincentbugliosi	3.402777069610347
curtgentry	3.402777069610347
michaelscott	2.8587090252600715
sebastianjunger	3.226685810554666
peterbenchley	3.402777069610347
julesverne	3.0048370609383097
michaelglencross	3.402777069610347
brianwaldiss	3.402777069610347
anthonybonner	3.226685810554666
jefflindsay	3.101747073946366
iralevin	3.101747073946366
jimbutcher	2.3420792292567354
brianselznick	3.226685810554666
eckharttolle	3.226685810554666
maggiestiefvater	2.7495645558350033
rebeccaskloot	3.402777069610347
davepelzer	3.101747073946366
maryroach	2.9256558148906846
anthonybourdain	3.402777069610347
patriciacornwell	2.402777069610347
helenkeller	3.402777069610347
kristincashore	3.101747073946366
thomaslfriedman	3.226685810554666
tomclancy	2.7495645558350033
aravindadiga	3.402777069610347
chriscleave	3.402777069610347
stevenlhopp	3.402777069610347
camillekingsolver	3.402777069610347
richardahouser	3.402777069610347
spencerjohnson	3.226685810554666
kennethhblanchard	3.101747073946366
suntzu	3.402777069610347
thomascleary	3.402777069610347
abrahamverghese	3.402777069610347
jamesmcbride	3.402777069610347
jimfergus	3.402777069610347
ursulahegi	3.402777069610347
jennablum	3.402777069610347
justincronin	3.101747073946366
dansimmons	3.0048370609383097
oliversacks	3.0048370609383097
chuckklosterman	3.0048370609383097
michaellewis	3.101747073946366
virgil	3.402777069610347
robertfitzgerald	3.226685810554666
murielbarbery	3.402777069610347
alisonanderson	3.402777069610347
robinhobb	2.5576790295960903
brandonsanderson	2.527715806218647
melissamarr	3.101747073946366
beccafitzpatrick	3.101747073946366
richellemead	2.7495645558350033
colummccann	3.226685810554666
lisagenova	3.101747073946366
davidbaldacci	2.5898637129674915
laotzu	3.402777069610347
giafufeng	3.402777069610347
janeenglish	3.402777069610347
chungliangalhuang	3.402777069610347
rowenapatteekryder	3.402777069610347
toinettelippe	3.402777069610347
dalecarnegie	3.402777069610347
garychapman	3.402777069610347
charlesdarwin	3.402777069610347
suegrafton	2.6624143801161035
richardpreston	3.101747073946366
patrickness	2.9256558148906846
jonathantropper	3.402777069610347
laurenkate	3.101747073946366
davidnicholls	3.226685810554666
helensimonson	3.402777069610347
jamesdashner	3.0048370609383097
ceceliaahern	3.101747073946366
chelseahandler	3.101747073946366
kristinhannah	2.9256558148906846
alexflinn	3.226685810554666
jefferydeaver	3.402777069610347
pittacuslore	2.9256558148906846
jacquelynmitchard	3.402777069610347
jenniferegan	3.226685810554666
emmadonoghue	3.226685810554666
rhondabyrne	3.402777069610347
napoleonhill	3.402777069610347
katemorton	3.0048370609383097
mscottpeck	3.402777069610347
florarhetaschreiber	3.402777069610347
johngray	3.402777069610347
tinafey	3.402777069610347
annemccaffrey	2.9256558148906846
teodorpanasiski	3.402777069610347
karenmariemoning	2.8587090252600715
kennilworthywhisp	3.402777069610347
stephenhawking	3.0048370609383097
caochi	3.402777069610347
phmvnthiu	3.402777069610347
charlesbukowski	3.226685810554666
irvinewelsh	3.101747073946366
ericlindorfall	3.402777069610347
alanbradley	2.8587090252600715
johanndavidwyss	3.402777069610347
scottmckowen	3.402777069610347
arthurpober	3.402777069610347
harlancoben	2.6246258192267033
leechild	2.448534560171022
tessgerritsen	2.7495645558350033
ransomriggs	3.226685810554666
keithrichards	3.402777069610347
erinmorgenstern	3.402777069610347
veronicaroth	2.9256558148906846
deborahharkness	3.101747073946366
juliepowell	3.402777069610347
jayanson	3.402777069610347
garthnix	2.9256558148906846
michaelgrant	2.8587090252600715
jayasher	3.402777069610347
alysonnoel	3.0048370609383097
fayeperozich	3.402777069610347
johnbolton	3.402777069610347
daerickgrss	3.402777069610347
patrickrothfuss	3.101747073946366
kimharrison	2.7495645558350033
pattismith	3.402777069610347
bettyedwards	3.402777069610347
davidbenioff	3.402777069610347
joehaldeman	3.402777069610347
laurenoliver	3.0048370609383097
bethrevis	3.402777069610347
gayleforman	2.8007170782823847
allycondie	3.226685810554666
carlhiaasen	2.6624143801161035
davidlevithan	2.8587090252600715
louiserennison	3.101747073946366
jennyhan	3.0048370609383097
johnarchambault	3.402777069610347
loisehlert	3.402777069610347
harey	3.101747073946366
stacyschiff	3.402777069610347
christopherpaulcurtis	3.226685810554666
margaretpetersonhaddix	2.8007170782823847
andrewclements	3.402777069610347
annaquindlen	3.101747073946366
gertrudechandlerwarner	3.402777069610347
lkatedeal	3.402777069610347
francischan	3.402777069610347
danaeyankoski	3.402777069610347
christomlin	3.402777069610347
donaldmiller	3.402777069610347
jeffkinney	3.402777069610347
angiesage	3.101747073946366
paulamclain	3.226685810554666
kathleengrissom	3.402777069610347
markcottavaz	3.101747073946366
sjwatson	3.402777069610347
chadharbach	3.402777069610347
taobreht	3.402777069610347
josephsmithjr	3.402777069610347
stephanieperkins	3.0048370609383097
simoneelkeles	3.0048370609383097
michellehodkin	3.402777069610347
allycarter	2.8007170782823847
larryniven	3.101747073946366
robertmighall	3.402777069610347
robinssharma	3.402777069610347
benjaminhoff	3.226685810554666
frederickforsyth	3.226685810554666
jonstewart	3.226685810554666
benkarlin	3.402777069610347
davidjaverbaum	3.226685810554666
richbloomquist	3.226685810554666
stevebodow	3.226685810554666
timcarvell	3.226685810554666
ericdrysdale	3.402777069610347
jrhavlan	3.226685810554666
scottjacobson	3.402777069610347
tomjohnson	3.402777069610347
robkutner	3.402777069610347
chrisregan	3.402777069610347
jasonreich	3.402777069610347
jasonross	3.226685810554666
stephencolbert	3.226685810554666
samanthabee	3.402777069610347
robcorddry	3.402777069610347
brendanhay	3.402777069610347
edhelms	3.402777069610347
richarddahm	3.402777069610347
pauldinello	3.402777069610347
allisonsilverman	3.402777069610347
michaelbrumm	3.402777069610347
ericdrydale	3.402777069610347
robdubbin	3.402777069610347
glenneichler	3.402777069610347
petergrosz	3.402777069610347
petergwinn	3.402777069610347
jaykatsir	3.402777069610347
laurakrafft	3.402777069610347
franklesser	3.402777069610347
tompurcell	3.402777069610347
janellcannon	3.402777069610347
sarashepard	3.402777069610347
mariavsnyder	3.226685810554666
elizabethgaskell	3.101747073946366
alanshelston	3.402777069610347
ishmaelbeah	3.402777069610347
julianbarnes	3.226685810554666
noraroberts	2.1356053412073335
taherehmafi	3.0048370609383097
jonronson	3.226685810554666
williamlanday	3.402777069610347
chuckdixon	3.226685810554666
davidwenzel	3.402777069610347
seandeming	3.402777069610347
mindykaling	3.226685810554666
eljames	3.0048370609383097
marielu	3.0048370609383097
stepheneambrose	3.226685810554666
danielkahneman	3.402777069610347
christophermcdougall	3.402777069610347
jayceedugard	3.402777069610347
trentonleestewart	3.226685810554666
carsonellis	3.226685810554666
brianbolland	3.402777069610347
timsale	3.402777069610347
kelleyarmstrong	3.0048370609383097
nealshusterman	3.101747073946366
rachelhawkins	3.226685810554666
billwillingham	2.9256558148906846
lanmedina	3.402777069610347
steveleialoha	2.8587090252600715
craighamilton	3.226685810554666
jamesjean	3.101747073946366
austinkleon	3.402777069610347
timothyferriss	3.402777069610347
eowynivey	3.402777069610347
sylviaday	3.101747073946366
sylvainreynard	3.101747073946366
scstephens	3.101747073946366
colleenhoover	2.7495645558350033
jamiemcguire	3.101747073946366
jerrynuelsmann	3.402777069610347
tammarawebber	3.402777069610347
jrward	2.7495645558350033
jenniferprobst	3.402777069610347
scottlynch	3.101747073946366
gillianflynn	3.0048370609383097
lainitaylor	3.101747073946366
jenniferesmith	3.101747073946366
jesswalter	3.402777069610347
jamesccollins	3.402777069610347
roberttkiyosaki	3.402777069610347
laurellkhamilton	2.5898637129674915
richardfeynman	3.402777069610347
amortowles	3.402777069610347
patriciabriggs	2.8587090252600715
mlstedman	3.402777069610347
cherylstrayed	3.402777069610347
susancain	3.402777069610347
davidmitchell	3.101747073946366
joeabercrombie	3.0048370609383097
rjpalacio	3.402777069610347
mariasemple	3.402777069610347
katherineapplegate	3.402777069610347
patriciacastelao	3.402777069610347
robertkirkman	3.226685810554666
tonymoore	3.402777069610347
jojomoyes	3.0048370609383097
susanee	3.226685810554666
kateatkinson	3.0048370609383097
rainbowrowell	3.0048370609383097
johnscalzi	3.0048370609383097
matthewquick	3.402777069610347
rickyancey	3.402777069610347
megwolitzer	3.402777069610347
chriskyle	3.402777069610347
scottmcewen	3.402777069610347
jimdefelice	3.402777069610347
catherinehardwicke	3.402777069610347
leighbardugo	3.0048370609383097
petervbrett	3.101747073946366
vanessadiffenbaugh	3.402777069610347
juliekagawa	3.101747073946366
marissameyer	3.0048370609383097
gretchenrubin	3.402777069610347
robertgalbraith	3.101747073946366
louiseerdrich	3.226685810554666
hilarymantel	3.226685810554666
lianemoriarty	2.9256558148906846
carolrifkabrunt	3.402777069610347
sherylsandberg	3.402777069610347
nellscovell	3.402777069610347
sylvianasar	3.402777069610347
jamessacorey	3.101747073946366
jennylawson	3.402777069610347
richardcarlson	3.402777069610347
chimamandangoziadichie	3.226685810554666
jenniferlarmentrout	3.0048370609383097
doriskearnsgoodwin	3.402777069610347
suzannetoren	3.402777069610347
christinabakerkline	3.402777069610347
malalayousafzai	3.402777069610347
christinalamb	3.402777069610347
natsukitakaya	3.402777069610347
aletheanibley	3.402777069610347
athenanibley	3.402777069610347
biscohatori	3.226685810554666
gabriellezevin	3.101747073946366
graemesimsion	3.402777069610347
robinsloan	3.402777069610347
jonasjonasson	3.402777069610347
rodbradbury	3.402777069610347
terryhayes	3.402777069610347
elockhart	3.402777069610347
charlesduhigg	3.402777069610347
adammansbach	3.402777069610347
ricardocorts	3.402777069610347
danieljamesbrown	3.402777069610347
johnflanagan	3.0048370609383097
rutasepetys	3.402777069610347
jimkay	3.402777069610347
siobhandowd	3.402777069610347
nedvizzini	3.226685810554666
andyweir	3.226685810554666
emilystjohnmandel	3.402777069610347
karenjoyfowler	3.226685810554666
celesteng	3.402777069610347
racheljoyce	3.402777069610347
davidmazzucchelli	3.226685810554666
richmondlewis	3.402777069610347
dennisoneil	3.402777069610347
sarahjmaas	2.8007170782823847
billoreilly	3.402777069610347
martindugard	3.402777069610347
lenadunham	3.402777069610347
joanaavillez	3.402777069610347
tsugumiohba	3.402777069610347
takeshiobata	3.402777069610347
titekubo	3.402777069610347
susannahcahalan	3.402777069610347
aliceclayton	3.402777069610347
marykubica	3.402777069610347
piercebrown	3.101747073946366
amypoehler	3.402777069610347
paulahawkins	3.402777069610347
jasonfried	3.402777069610347
davidheinemeierhansson	3.402777069610347
fionastaples	3.101747073946366
jenniferniven	3.402777069610347
mariekond	3.402777069610347
cathyhirano	3.402777069610347
kodykeplinger	3.402777069610347
danariely	3.226685810554666
jaredmerski	3.226685810554666
jlynn	3.226685810554666
katiemcgarry	3.402777069610347
victoriaaveyard	3.402777069610347
brentweeks	2.8587090252600715
johndrateliff	3.402777069610347
ellendegeneres	3.402777069610347
kieracass	3.0048370609383097
christinalauren	3.101747073946366
piperkerman	3.402777069610347
mrcarey	3.402777069610347
jessicaknoll	3.402777069610347
caitlinmoran	3.402777069610347
katherineboo	3.402777069610347
jandynelson	3.226685810554666
laurengroff	3.101747073946366
elenaferrante	3.402777069610347
anngoldstein	3.402777069610347
abbiglines	3.101747073946366
fredrikbackman	3.226685810554666
henningkoch	3.226685810554666
asaharrison	3.402777069610347
johntiffany	3.402777069610347
jackthorne	3.402777069610347
emmacline	3.402777069610347
karinslaughter	3.101747073946366
cynthiadaprixsweeney	3.402777069610347
flannobrien	3.402777069610347
brianherbert	2.9256558148906846
kevinjanderson	2.8007170782823847
garthennis	2.8007170782823847
stevedillon	2.8007170782823847
stevepugh	3.402777069610347
matthollingsworth	3.402777069610347
carlosezquerra	3.402777069610347
richardcase	3.226685810554666
douglaspreston	2.7038070652743285
lincolnchild	2.7495645558350033
davidfosterwallace	3.101747073946366
nicolabradbury	3.402777069610347
clivebarker	2.5898637129674915
rasalvatore	2.527715806218647
henrikibsen	3.226685810554666
michaelmeyer	3.402777069610347
helenfielding	3.226685810554666
juliascheeres	3.402777069610347
owenwest	3.226685810554666
briancoffey	3.226685810554666
jankaron	3.226685810554666
terrybrooks	2.7495645558350033
robertjameswaller	3.402777069610347
brianjacques	2.8007170782823847
georgebernardshaw	3.226685810554666
wsomersetmaugham	3.101747073946366
thomaswolfe	3.402777069610347
williamstyron	3.402777069610347
petermayle	3.226685810554666
dorothyallison	3.402777069610347
louisdarling	3.402777069610347
tracydockray	3.226685810554666
henryjames	3.101747073946366
patriciacrick	3.402777069610347
marystewart	3.226685810554666
margaretwisebrown	3.402777069610347
clementhurd	3.402777069610347
sherrilynkenyon	3.402777069610347
curtissittenfeld	3.226685810554666
maevebinchy	2.8007170782823847
adrianatrigiani	3.0048370609383097
fannieflagg	3.226685810554666
jeanwebster	3.402777069610347
marcelproust	3.402777069610347
simonvance	3.402777069610347
lydiadavis	3.402777069610347
waltermmillerjr	3.402777069610347
gntergrass	3.402777069610347
italocalvino	3.226685810554666
flanneryoconnor	3.226685810554666
thomasmann	3.0048370609383097
joachimneugroschel	3.226685810554666
monicaali	3.226685810554666
katherinedunn	3.402777069610347
tcboyle	3.226685810554666
richardpoe	3.402777069610347
mmkaye	3.402777069610347
mattwagner	3.402777069610347
georgepratt	3.226685810554666
dickgiordano	3.226685810554666
kelleyjones	3.226685810554666
pcraigrussell	3.0048370609383097
harlanellison	3.402777069610347
charlesvess	3.0048370609383097
colleendoran	3.101747073946366
steveerickson	3.402777069610347
jillthompson	3.226685810554666
vincelocke	3.226685810554666
mikeallred	3.402777069610347
garyamaro	3.402777069610347
markbuckingham	2.9256558148906846
davidgiordano	3.402777069610347
tonyharris	3.402777069610347
sheaantonpensa	3.402777069610347
alecstevens	3.402777069610347
bryantalbot	3.101747073946366
johnwatkiss	3.226685810554666
michaelzulli	3.0048370609383097
jonjmuth	3.402777069610347
mikalgilmore	3.402777069610347
perpetterson	3.402777069610347
anneborn	3.402777069610347
guillermodeltoro	3.226685810554666
chuckhogan	3.226685810554666
maureenjohnson	3.101747073946366
virginialeeburton	3.402777069610347
kaythompson	3.402777069610347
hilaryknight	3.402777069610347
robertmccammon	3.226685810554666
alevlytlecroutier	3.402777069610347
meganmccafferty	3.226685810554666
jenniferdonnelly	3.226685810554666
robertgoolrick	3.402777069610347
alanweisman	3.402777069610347
naominovik	3.101747073946366
aleksandrsolzhenitsyn	3.226685810554666
edwardeericsonjr	3.402777069610347
euripides	3.402777069610347
rexwarner	3.226685810554666
christophermarlowe	3.402777069610347
dorothylsayers	3.0048370609383097
barbarareynolds	3.402777069610347
rjhollingdale	3.226685810554666
thomaspaine	3.402777069610347
alexgarland	3.402777069610347
ovid	3.402777069610347
davidraeburn	3.402777069610347
denisfeeney	3.402777069610347
williamarcher	3.402777069610347
maxlucado	3.402777069610347
bohampton	3.402777069610347
traceyhampton	3.402777069610347
washingtonirving	3.101747073946366
margueriteduras	3.402777069610347
barbarabray	3.402777069610347
maxinehongkingston	3.226685810554666
janeyolen	3.226685810554666
melvinburgess	3.402777069610347
brianlweiss	3.402777069610347
bettyfriedan	3.402777069610347
simonedebeauvoir	3.402777069610347
hmparshley	3.402777069610347
deirdrebair	3.402777069610347
davidsheff	3.402777069610347
anroquelaure	3.101747073946366
jacquelinecarey	2.8587090252600715
maryhigginsclark	2.6624143801161035
janehamilton	3.226685810554666
frankmuller	3.402777069610347
cjcritt	3.402777069610347
amanetteansay	3.402777069610347
melindahaynes	3.402777069610347
howarddully	3.402777069610347
charlesfleming	3.402777069610347
gailcarriger	3.0048370609383097
walterfarley	3.402777069610347
keithward	3.402777069610347
anthonyhorowitz	3.0048370609383097
garydschmidt	3.402777069610347
seananmcguire	3.402777069610347
nataliegoldberg	3.402777069610347
jacquelinewinspear	3.101747073946366
annelamott	3.226685810554666
jamesmcain	3.226685810554666
scottbsmith	3.402777069610347
sarahockler	3.402777069610347
jennydownham	3.402777069610347
graemebase	3.402777069610347
tobiaswolff	3.402777069610347
wbrucecameron	3.402777069610347
michellemagorian	3.402777069610347
dickkingsmith	3.402777069610347
maggiekneen	3.402777069610347
johnhart	3.402777069610347
scottturow	3.226685810554666
tomiedepaola	3.402777069610347
ljsmith	2.5898637129674915
nicholasevans	3.226685810554666
edyoung	3.402777069610347
teddarnold	3.402777069610347
shauntifeldhahn	3.402777069610347
brucehwilkinson	3.402777069610347
robertlopshire	3.402777069610347
shilpisomayagowda	3.402777069610347
roryfreedman	3.402777069610347
kimbarnouin	3.402777069610347
rodmanphilbrick	3.402777069610347
ericabauermeister	3.402777069610347
yevgenyzamyatin	3.402777069610347
clarencebrown	3.402777069610347
nealedonaldwalsch	3.226685810554666
louiselhay	3.402777069610347
stephencrane	3.226685810554666
georgestade	3.402777069610347
richardfusco	3.402777069610347
jerrypournelle	3.226685810554666
thorheyerdahl	3.402777069610347
haroldgmoore	3.402777069610347
josephlgalloway	3.402777069610347
bethhoffman	3.402777069610347
jennalamia	3.402777069610347
gregbehrendt	3.402777069610347
liztuccillo	3.402777069610347
jackcanfield	3.402777069610347
markvictorhansen	3.402777069610347
madeleinewickham	3.402777069610347
oliviagoldsmith	3.402777069610347
annerampling	3.402777069610347
tomwolfe	3.101747073946366
ianfleming	2.8587090252600715
eleanorbrown	3.402777069610347
johnnycash	3.402777069610347
patrickcarr	3.402777069610347
sandraboynton	3.226685810554666
petercarey	3.226685810554666
joshuafoer	3.402777069610347
nicholaspileggi	3.402777069610347
denisjohnson	3.402777069610347
malindalo	3.402777069610347
hubertselbyjr	3.226685810554666
gilbertsorrentino	3.402777069610347
veronicarossi	3.402777069610347
ajjacobs	3.226685810554666
joshilynjackson	3.402777069610347
annmariemacdonald	3.226685810554666
pearlcleage	3.402777069610347
jamescameron	3.402777069610347
juanmascar	3.226685810554666
ilonaandrews	3.0048370609383097
tonyakins	3.402777069610347
jimmypalmiotti	3.402777069610347
aeschylus	3.226685810554666
judithaffleck	3.402777069610347
philipdemay	3.402777069610347
patriciaeeasterling	3.402777069610347
johnharrison	3.402777069610347
davideddings	2.5898637129674915
leigheddings	3.402777069610347
angeladawe	3.402777069610347
davidbrin	3.101747073946366
alanhollinghurst	3.402777069610347
antonchekhov	3.101747073946366
michaelfrayn	3.402777069610347
carolynkeene	3.101747073946366
tomangleberger	3.402777069610347
lilianjacksonbraun	3.402777069610347
paulbirkbeck	3.402777069610347
gabriellecharbonnet	3.226685810554666
ykoogawa	3.402777069610347
stephensnyder	3.402777069610347
lisagardner	2.7495645558350033
karenthompsonwalker	3.402777069610347
gerdaweissmannklein	3.402777069610347
alisonweir	3.101747073946366
johndfitzgerald	3.402777069610347
mercermayer	3.101747073946366
danielwallace	3.402777069610347
terrybisson	3.402777069610347
lloydalexander	2.8587090252600715
rachelhartman	3.402777069610347
karencushman	3.226685810554666
sarahweeks	3.402777069610347
jeromekjerome	3.402777069610347
malorieblackman	3.402777069610347
leighnichols	2.9256558148906846
danielsilva	2.527715806218647
amyplum	3.402777069610347
dianalpaxson	3.101747073946366
susanelizabethphillips	3.226685810554666
corneliusryan	3.226685810554666
gavinmenzies	3.402777069610347
shirleyjackson	3.0048370609383097
haleyriordan	3.402777069610347
michaeljsullivan	3.101747073946366
melaniebenjamin	3.226685810554666
belvaplain	3.402777069610347
seth	3.402777069610347
patbarker	3.226685810554666
matthewlewis	3.402777069610347
margaretweis	2.7038070652743285
tracyhickman	2.7038070652743285
stevenerikson	2.8007170782823847
timothyegan	3.402777069610347
catherinefisher	3.226685810554666
guygavrielkay	2.9256558148906846
steveberry	2.7038070652743285
jodiellenmalpas	3.101747073946366
tadwilliams	3.101747073946366
jonesb	3.101747073946366
donbartlett	3.101747073946366
courtneymaum	3.402777069610347
laurendestefano	3.226685810554666
jamesrollins	2.8587090252600715
michiokaku	3.226685810554666
jaycrownover	3.226685810554666
charlotteconnandevries	3.402777069610347
elizabethlittle	3.402777069610347
vincentvangogh	3.402777069610347
ronalddeleeuw	3.402777069610347
markroskill	3.402777069610347
arnoldjpomerans	3.402777069610347
nassimnicholastaleb	3.402777069610347
kentharuf	3.101747073946366
markmathabane	3.402777069610347
arkadystrugatsky	3.402777069610347
borisstrugatsky	3.402777069610347
antoninawbouis	3.402777069610347
theodoresturgeon	3.402777069610347
natetaylor	3.402777069610347
markhelprin	3.402777069610347
jordanbelfort	3.402777069610347
elizabethwein	3.402777069610347
marishapessl	3.226685810554666
jennyoffill	3.402777069610347
randallmunroe	3.402777069610347
richardwilhelm	3.402777069610347
caryfbaynes	3.402777069610347
cgjung	3.226685810554666
karenkingsbury	3.101747073946366
gayletzemachlemmon	3.402777069610347
jamesmmcpherson	3.402777069610347
lisakleypas	3.402777069610347
cecebell	3.402777069610347
davidlasky	3.402777069610347
jessicasorensen	3.101747073946366
kyliescott	3.402777069610347
belleaurora	3.402777069610347
elinhilderbrand	2.9256558148906846
kbromberg	3.402777069610347
donnaleon	3.402777069610347
sarahmccoy	3.402777069610347
timothyjkeller	3.226685810554666
aghoward	3.226685810554666
davidaxton	3.402777069610347
farleymowat	3.402777069610347
carolsdweck	3.402777069610347
saranovi	3.402777069610347
johnsandford	2.4996870826184034
miklsnyiszli	3.402777069610347
tibrekremer	3.402777069610347
brunobettelheim	3.402777069610347
richardseaver	3.402777069610347
clivecussler	3.0048370609383097
joerlansdale	3.402777069610347
pdjames	3.101747073946366
judithmcnaught	2.8587090252600715
johnconnolly	3.402777069610347
jmaartentroost	3.402777069610347
sergeilukyanenko	3.101747073946366
andrewbromfield	3.101747073946366
raymondefeist	2.6624143801161035
robertcormier	3.226685810554666
brianfroud	3.402777069610347
terrywindling	3.402777069610347
mikecarey	3.402777069610347
glennfabry	3.226685810554666
sarahaddisonallen	2.9256558148906846
lorriemoore	3.402777069610347
dhlawrence	3.0048370609383097
geoffdyer	3.402777069610347
robertobolao	3.226685810554666
natashawimmer	3.402777069610347
garychalk	3.402777069610347
thorntonwilder	3.226685810554666
susanshillinglaw	3.402777069610347
jeancraigheadgeorge	3.226685810554666
tseliot	2.9256558148906846
arthurkoestler	3.402777069610347
daphnehardy	3.402777069610347
jasonbaker	3.402777069610347
donnafreed	3.402777069610347
richardwinston	3.402777069610347
clarawinston	3.402777069610347
theodoreziolkowski	3.402777069610347
clarissapinkolaests	3.402777069610347
htwilletts	3.402777069610347
lisiharrison	3.402777069610347
eecummings	3.101747073946366
alicehoffman	3.0048370609383097
andrewdavidson	3.402777069610347
elizabethberg	3.226685810554666
rachelcarson	3.402777069610347
lindalear	3.402777069610347
edwardowilson	3.402777069610347
eldoctorow	3.402777069610347
johnupdike	2.8007170782823847
theodoredreiser	3.226685810554666
pabloneruda	3.101747073946366
wsmerwin	3.402777069610347
cristinagarca	3.402777069610347
henryfielding	3.402777069610347
thomaskeymer	3.402777069610347
alicewakely	3.402777069610347
oliverstallybrass	3.402777069610347
pankajmishra	3.402777069610347
jonathanlethem	3.101747073946366
matthewpearl	3.402777069610347
peterheg	3.402777069610347
tiinanunnally	3.402777069610347
shawnmcmanus	3.226685810554666
stanwoch	3.226685810554666
margueritehenry	3.101747073946366
wesleydennis	3.226685810554666
jeansasson	3.402777069610347
dianeackerman	3.402777069610347
janettesebringlowrey	3.402777069610347
gustaftenggren	3.402777069610347
elseholmelundminarik	3.402777069610347
anndruyan	3.226685810554666
krishnadwaipayanavyasa	3.402777069610347
simonbrodbeck	3.402777069610347
stevenpinker	3.101747073946366
mattridley	3.402777069610347
carolshields	3.226685810554666
helenehanff	3.402777069610347
winstongroom	3.402777069610347
johnhowardgriffin	3.402777069610347
nathanielphilbrick	3.226685810554666
pobronson	3.402777069610347
ashleymerryman	3.402777069610347
brycecourtenay	3.402777069610347
russellhtandy	3.402777069610347
saraparetsky	3.226685810554666
vikasswarup	3.402777069610347
billclinton	3.402777069610347
wallacestegner	3.226685810554666
kirandesai	3.402777069610347
wgsebald	3.402777069610347
tamorapierce	2.448534560171022
edmundspenser	3.402777069610347
thomasproche	3.402777069610347
cpatrickodonnell	3.402777069610347
antoniafraser	3.402777069610347
jackfinney	3.402777069610347
kerrypatterson	3.402777069610347
josephgrenny	3.402777069610347
ronmcmillan	3.402777069610347
alswitzler	3.402777069610347
karlmarx	3.402777069610347
friedrichengels	3.402777069610347
garethstedmanjones	3.402777069610347
bertrandrussell	3.226685810554666
davecullen	3.402777069610347
oliverptzsch	3.402777069610347
leechadeayne	3.402777069610347
pgwodehouse	2.9256558148906846
irisjohansen	3.226685810554666
sandrabrown	3.226685810554666
lizamarklund	3.402777069610347
charlesportis	3.402777069610347
asbyatt	3.0048370609383097
johngalsworthy	3.402777069610347
robinoliveira	3.402777069610347
sebastianfaulks	3.402777069610347
davasobel	3.226685810554666
neilarmstrong	3.402777069610347
hplovecraft	2.8007170782823847
paolobacigalupi	3.226685810554666
carrieryan	3.226685810554666
williamharmstrong	3.402777069610347
jamesbarkley	3.402777069610347
catherineryanhyde	3.402777069610347
noraephron	3.402777069610347
robertmccloskey	3.226685810554666
annmmartin	3.402777069610347
jacquelinesheehan	3.402777069610347
hannahgreen	3.402777069610347
joannegreenberg	3.402777069610347
richardatwater	3.402777069610347
florenceatwater	3.402777069610347
robertlawson	3.402777069610347
paulabrackston	3.402777069610347
annmcgovern	3.402777069610347
winslowpinneypels	3.402777069610347
winslowpinn	3.402777069610347
eypels	3.402777069610347
masha	3.402777069610347
mariesimchowstern	3.402777069610347
eugenebradleycoco	3.402777069610347
rondias	3.226685810554666
waltdisneycompany	3.101747073946366
russellhoban	3.226685810554666
melindalong	3.402777069610347
davidshannon	3.0048370609383097
francinerivers	3.226685810554666
richardferrone	3.402777069610347
alicemunro	3.402777069610347
tawniodell	3.402777069610347
josephineangelini	3.226685810554666
alexandraadornetto	3.402777069610347
rebeccastead	3.402777069610347
thebeatles	3.402777069610347
paulmccartney	3.402777069610347
ringostarr	3.402777069610347
johnlennon	3.402777069610347
georgeharrison	3.402777069610347
bobspitz	3.402777069610347
merlinholland	3.402777069610347
hollyblack	2.7038070652743285
tonyditerlizzi	2.9256558148906846
johnajvidelindqvist	3.402777069610347
immanuelkant	3.402777069610347
paulguyer	3.402777069610347
allenwwood	3.402777069610347
lenekaaberbl	3.402777069610347
agnetefriis	3.402777069610347
arnoldlobel	3.101747073946366
juliachild	3.226685810554666
simonebeck	3.402777069610347
louisettebertholle	3.402777069610347
chinamiville	3.101747073946366
heatheroneill	3.402777069610347
candacebushnell	3.226685810554666
lollywinston	3.402777069610347
miriamtoews	3.402777069610347
ericshanower	3.402777069610347
skottieyoung	3.402777069610347
anandamaitreya	3.402777069610347
thichnhathanh	3.226685810554666
balangodaanandamaitreyamaitreya	3.402777069610347
rachelcaine	2.6624143801161035
cynthiaholloway	3.402777069610347
ellenschreiber	3.402777069610347
fpaulwilson	3.402777069610347
jessicapark	3.402777069610347
sidneysheldon	2.7038070652743285
johannwolfgangvongoethe	3.101747073946366
burtonpike	3.402777069610347
bernardcornwell	3.101747073946366
hajin	3.402777069610347
jaelee	3.226685810554666
inagarten	3.402777069610347
quentinbacon	3.402777069610347
dylanthomas	3.402777069610347
jennifercrusie	3.101747073946366
johnabertolini	3.402777069610347
samkean	3.402777069610347
antonybeevor	3.226685810554666
marykarr	3.226685810554666
arthurransome	3.402777069610347
josswhedon	3.226685810554666
brettmatthews	3.402777069610347
willconrad	3.402777069610347
jonmeacham	3.402777069610347
wileycash	3.402777069610347
pseudonymousbosch	3.101747073946366
gilbertford	3.101747073946366
guydemaupassant	3.226685810554666
emilymdanforth	3.402777069610347
ivanturgenev	3.402777069610347
georgereavy	3.402777069610347
janecostlow	3.402777069610347
markzug	3.226685810554666
lesedwards	3.402777069610347
stephenjones	3.226685810554666
anneriverssiddons	3.402777069610347
jeffshaara	3.402777069610347
hannahharrington	3.402777069610347
garytaubes	3.402777069610347
ambrosebierce	3.402777069610347
markbittman	3.226685810554666
michelewrightson	3.402777069610347
georgesaunders	3.402777069610347
nelsondemille	3.226685810554666
grahamgreene	3.0048370609383097
giuseppetomasidilampedusa	3.402777069610347
archibaldcolquhoun	3.402777069610347
nathanaelwest	3.402777069610347
alfredkazin	3.402777069610347
danharris	3.402777069610347
michelleknight	3.402777069610347
michelleburford	3.402777069610347
peterdkramer	3.402777069610347
rainerfunk	3.402777069610347
fridakahlo	3.402777069610347
carlosfuentes	3.402777069610347
sarahmlowe	3.402777069610347
sethgodin	3.402777069610347
philklay	3.402777069610347
kevinkwan	3.402777069610347
emmahealey	3.402777069610347
jhwilliamsiii	3.402777069610347
davestewart	3.402777069610347
honordebalzac	3.402777069610347
sarahmaclean	3.402777069610347
anthonyryan	3.402777069610347
caryelwes	3.402777069610347
joelayden	3.402777069610347
various	3.402777069610347
robreiner	3.402777069610347
robthomas	3.402777069610347
jennifergraham	3.402777069610347
jephloeb	3.402777069610347
jimlee	3.402777069610347
scottwilliams	3.402777069610347
alexsinclair	3.402777069610347
richardstarkings	3.402777069610347
katyevans	3.402777069610347
mleighton	3.226685810554666
rainemiller	3.226685810554666
nyraedawn	3.402777069610347
tomrobsmith	3.226685810554666
garyrussell	3.402777069610347
frankbeddor	3.402777069610347
janiceyklee	3.402777069610347
erskinecaldwell	3.402777069610347
lewisnordan	3.402777069610347
louisepenny	3.0048370609383097
ruthwariner	3.402777069610347
vsnaipaul	3.402777069610347
pennjillette	3.402777069610347
johngardner	3.402777069610347
estherforbes	3.402777069610347
lyndward	3.402777069610347
laurienotaro	3.402777069610347
ernestocheguevara	3.402777069610347
aleidaguevaramarch	3.402777069610347
alfranken	3.402777069610347
grantnaylor	3.226685810554666
ninabawden	3.402777069610347
walterdeanmyers	3.402777069610347
jameshowe	3.402777069610347
deborahhowe	3.402777069610347
alandaniel	3.402777069610347
megrosoff	3.402777069610347
katherineneville	3.402777069610347
raymondcarver	3.226685810554666
jeandominiquebauby	3.402777069610347
jeremyleggatt	3.402777069610347
michaelmartchenko	3.402777069610347
wpkinsella	3.402777069610347
brennanmanning	3.402777069610347
michaelwsmith	3.402777069610347
richmullins	3.402777069610347
chaimpotok	3.226685810554666
dodiesmith	3.226685810554666
georgemacdonald	3.402777069610347
arthurhughes	3.402777069610347
alexisdetocqueville	3.402777069610347
isaackramnick	3.402777069610347
geraldbevan	3.402777069610347
jeanpaulsartre	3.0048370609383097
haydencarruth	3.402777069610347
carolryriebrink	3.402777069610347
davidfishelson	3.402777069610347
aaronleichter	3.402777069610347
jorgeluisborges	3.101747073946366
donaldayates	3.402777069610347
jameseirby	3.402777069610347
andrmaurois	3.402777069610347
saulbellow	3.226685810554666
lucianobianciardi	3.402777069610347
davidebershoff	3.402777069610347
alanpaton	3.402777069610347
eringruwell	3.402777069610347
zlatafilipovi	3.402777069610347
thefreedomwriters	3.402777069610347
jamesamichener	2.8587090252600715
jrmoehringer	3.226685810554666
paulzindel	3.402777069610347
wendelinvandraanen	3.402777069610347
avi	3.226685810554666
catherinegilbertmurdock	3.402777069610347
patriciahighsmith	3.226685810554666
richardrlingeman	3.402777069610347
robertfulghum	3.402777069610347
margaretgeorge	3.226685810554666
jmcoetzee	3.402777069610347
philiproth	3.0048370609383097
mildredbenson	3.402777069610347
markford	3.402777069610347
johnlecarr	3.402777069610347
annebront	3.402777069610347
steviedavies	3.402777069610347
johnjakes	3.402777069610347
piersanthony	3.402777069610347
johnlawrence	3.226685810554666
annagodbersen	3.402777069610347
marjorieflack	3.402777069610347
kurtwiese	3.226685810554666
carlocollodi	3.402777069610347
monteirolobato	3.402777069610347
hermanwouk	3.101747073946366
wilbursmith	3.101747073946366
williamlshirer	3.402777069610347
noahgordon	3.402777069610347
stephenrdonaldson	2.9256558148906846
carolyngheilbrun	3.402777069610347
katherineduncanjones	3.402777069610347
josephjellis	3.101747073946366
tonyhorwitz	3.402777069610347
aristotle	3.402777069610347
jakthomson	3.402777069610347
jonathanbarnes	3.402777069610347
hughtredennick	3.402777069610347
hazelebarnes	3.402777069610347
marywarnock	3.402777069610347
richardeyre	3.402777069610347
jeffreytoobin	3.402777069610347
lalitatademy	3.402777069610347
tommurphy	3.402777069610347
daisijie	3.402777069610347
inarilke	3.402777069610347
joanbauer	3.402777069610347
kathleenwinsor	3.402777069610347
keithdavid	3.402777069610347
anthonyheald	3.402777069610347
maxinepaetro	2.8007170782823847
gwynhymanrubio	3.402777069610347
breenaclarke	3.402777069610347
marymcgarrymorris	3.402777069610347
dorislessing	3.226685810554666
carolynjessop	3.402777069610347
laurapalmer	3.402777069610347
adelineyenmah	3.226685810554666
williamstrunkjr	3.402777069610347
mariospezi	3.402777069610347
arianafranklin	3.402777069610347
richardcastle	3.402777069610347
simonrgreen	3.402777069610347
maryjanicedavidson	3.226685810554666
jonathanmaberry	3.226685810554666
jeffsmith	3.402777069610347
williamsteig	3.402777069610347
mitchellzuckoff	3.402777069610347
danielhpink	3.402777069610347
franciscoxstork	3.402777069610347
lucychristopher	3.402777069610347
aprilynnepike	3.101747073946366
douglasrhofstadter	3.402777069610347
davidwong	3.402777069610347
alfredtennyson	3.402777069610347
charleskeeping	3.402777069610347
ermabombeck	3.402777069610347
suetownsend	3.402777069610347
ianfalconer	3.226685810554666
kimcarpenter	3.402777069610347
johnrperry	3.402777069610347
krickittcarpenter	3.402777069610347
brendanreichs	3.402777069610347
georgwilhelmfriedrichhegel	3.402777069610347
avmiller	3.402777069610347
johnniemeyerfindlay	3.402777069610347
tuckermax	3.402777069610347
audreypenn	3.402777069610347
rutheharper	3.402777069610347
nancymleak	3.402777069610347
donwood	3.402777069610347
audreywood	3.402777069610347
lillianhoban	3.402777069610347
davidwiesner	3.402777069610347
nhkleinbaum	3.402777069610347
edwardalbee	3.402777069610347
bettymahmoody	3.402777069610347
johnbanville	3.402777069610347
marcusbuckingham	3.402777069610347
curtcoffman	3.402777069610347
edwardgorey	3.101747073946366
kerihulme	3.402777069610347
barbarawtuchman	3.226685810554666
robertkmassie	3.226685810554666
friedrichahayek	3.402777069610347
patrickcarman	3.402777069610347
edithpattou	3.402777069610347
stephensondheim	3.402777069610347
hughwheeler	3.402777069610347
christophergodfreybond	3.402777069610347
dianemowat	3.402777069610347
wwjacobs	3.402777069610347
poppyzbrite	3.402777069610347
elizabethpeters	3.402777069610347
davidmcraney	3.402777069610347
eddiecampbell	3.402777069610347
petemullins	3.402777069610347
ancheemin	3.402777069610347
lauramoriarty	3.402777069610347
daltontrumbo	3.402777069610347
josephinetey	3.402777069610347
ilanstavans	3.402777069610347
rolandmerullo	3.402777069610347
rlstine	3.402777069610347
thomaspynchon	3.101747073946366
korenzailckas	3.402777069610347
hillaryjordan	3.402777069610347
lorenzocarcaterra	3.402777069610347
stevehockensmith	3.402777069610347
patrickarrasmith	3.101747073946366
danielclowes	3.402777069610347
djmachale	3.402777069610347
georgesjeanty	3.402777069610347
garylarson	3.402777069610347
ivangoncharov	3.402777069610347
stephenpearl	3.402777069610347
galyadiment	3.402777069610347
cindawilliamschima	3.101747073946366
helenewecker	3.402777069610347
johnwyndham	3.226685810554666
danielhwilson	3.402777069610347
jessrothenberg	3.402777069610347
catpatrick	3.402777069610347
sebastianbarry	3.402777069610347
jenniferchiaverini	3.402777069610347
markharman	3.402777069610347
regaipminareci	3.402777069610347
erifyeilbucak	3.402777069610347
chrisryall	3.402777069610347
gabrielrodrguez	3.402777069610347
kevinhearne	3.402777069610347
coracarmack	3.226685810554666
dickhill	3.226685810554666
neilsimon	3.402777069610347
mercedeslackey	3.402777069610347
juliaquinn	3.226685810554666
irisrainerdart	3.402777069610347
rienpoortvliet	3.402777069610347
wilhuygen	3.402777069610347
leonardmlodinow	3.226685810554666
reedrummond	3.402777069610347
anthonykiedis	3.402777069610347
larrysloman	3.402777069610347
martinamis	3.402777069610347
nelsonmandela	3.402777069610347
kazukibuishi	3.101747073946366
lronhubbard	3.402777069610347
lawrencehill	3.402777069610347
stephentapscott	3.402777069610347
judyschachner	3.402777069610347
stjoshi	3.226685810554666
stevealten	3.402777069610347
johnkeats	3.402777069610347
josephoneill	3.402777069610347
mirraginsburg	3.402777069610347
maggieofarrell	3.402777069610347
maryepearson	3.226685810554666
atulgawande	3.101747073946366
kwamealexander	3.402777069610347
brucesterling	3.402777069610347
rklilley	3.101747073946366
mayabanks	3.402777069610347
monicamurphy	3.226685810554666
samanthayoung	3.226685810554666
bethharbison	3.402777069610347
chrispavone	3.402777069610347
marierutkoski	3.402777069610347
sararaasch	3.402777069610347
hollymadison	3.402777069610347
davidellis	3.226685810554666
pameladesbarres	3.402777069610347
davenavarro	3.402777069610347
scottjurek	3.402777069610347
stevefriedman	3.402777069610347
glorianaylor	3.402777069610347
alexandrabracken	3.226685810554666
paulbeatty	3.402777069610347
kristenashley	3.226685810554666
sloanecrosley	3.402777069610347
jeanettewinterson	3.402777069610347
jimgaffigan	3.402777069610347
colmtibn	3.402777069610347
juliaheaberlin	3.402777069610347
paulauster	3.0048370609383097
linmanuelmiranda	3.402777069610347
jeremymccarter	3.402777069610347
altonbrown	3.402777069610347
oliverwyman	3.402777069610347
jennajameson	3.402777069610347
neilstrauss	3.226685810554666
irvingstone	3.226685810554666
jenlancaster	3.226685810554666
annpacker	3.402777069610347
waltwhitman	3.402777069610347
maryahornbacher	3.402777069610347
nickbantock	3.402777069610347
alanlee	3.402777069610347
garyshteyngart	3.402777069610347
juliacameron	3.402777069610347
benjamindemott	3.402777069610347
thomashobbes	3.402777069610347
cbmacpherson	3.402777069610347
sarahvowell	3.101747073946366
nahumnglatzer	3.402777069610347
taniastern	3.402777069610347
ernstkaiser	3.402777069610347
eithnewilkins	3.402777069610347
isakdinesen	3.402777069610347
karenblixen	3.402777069610347
susancooper	3.0048370609383097
brigittewalitzek	3.402777069610347
carolynmackler	3.402777069610347
jodeeblanco	3.402777069610347
katejacobs	3.402777069610347
patriciamaclachlan	3.402777069610347
jacquelinesusann	3.402777069610347
iancaldwell	3.402777069610347
dustinthomason	3.402777069610347
ericajong	3.402777069610347
murielspark	3.402777069610347
erinhunter	3.402777069610347
duncaneagleson	3.402777069610347
kentwilliams	3.402777069610347
marchempel	3.402777069610347
disraeli	3.402777069610347
teddykristiansen	3.402777069610347
glyndillon	3.402777069610347
deanormston	3.402777069610347
kevinnowlan	3.402777069610347
frankmcconnell	3.402777069610347
jungchang	3.402777069610347
paulozelinsky	3.402777069610347
kathrynjackson	3.402777069610347
byronjackson	3.402777069610347
gustavtenggren	3.402777069610347
martincruzsmith	3.402777069610347
ursulemolinaro	3.402777069610347
johnhersey	3.402777069610347
normanmaclean	3.402777069610347
rendescartes	3.402777069610347
donaldacress	3.402777069610347
michaelmoore	3.402777069610347
michaelshaara	3.402777069610347
marilynnerobinson	3.226685810554666
mylagoldberg	3.402777069610347
jamesfenimorecooper	3.402777069610347
amybloom	3.402777069610347
pierreawalker	3.402777069610347
anthonyhope	3.402777069610347
peterhedges	3.402777069610347
stephenerobinson	3.402777069610347
barbararobinson	3.402777069610347
alexanderhamilton	3.402777069610347
jamesmadison	3.402777069610347
johnjay	3.402777069610347
philopublius	3.402777069610347
clintonrossiter	3.402777069610347
charlesrkessler	3.402777069610347
henrymiller	3.226685810554666
edwidgedanticat	3.402777069610347
mohsinhamid	3.402777069610347
susanericksen	3.101747073946366
sherireynolds	3.402777069610347
sharonkaypenman	3.101747073946366
richardpaige	3.402777069610347
haroldmcgee	3.402777069610347
maryohara	3.402777069610347
daveblossom	3.402777069610347
felixsalten	3.402777069610347
barbaracooney	3.101747073946366
davebarry	3.101747073946366
ridleypearson	3.101747073946366
gregcall	3.101747073946366
tracykidder	3.226685810554666
alfredbester	3.226685810554666
sarazarr	3.226685810554666
lisamcmann	3.101747073946366
philipcstead	3.402777069610347
erinestead	3.402777069610347
patriciagaffney	3.402777069610347
tomfranklin	3.402777069610347
leolionni	3.226685810554666
ronhall	3.402777069610347
denvermoore	3.402777069610347
lynnvincent	3.402777069610347
susannakearsley	3.402777069610347
rosalynlandor	3.402777069610347
stanberenstain	3.226685810554666
janberenstain	3.226685810554666
larskepler	3.402777069610347
annlong	3.402777069610347
jamesleeburke	3.226685810554666
annrule	3.226685810554666
wallacedwattles	3.402777069610347
siddharthamukherjee	3.402777069610347
laurenmyracle	3.402777069610347
kendareblake	3.402777069610347
andrewhurley	3.402777069610347
elisabethkblerross	3.402777069610347
deepakchopra	3.402777069610347
johnlocke	3.402777069610347
peterlaslett	3.402777069610347
raymondgeuss	3.402777069610347
mowillems	3.0048370609383097
martinwaddell	3.402777069610347
patrickbenson	3.402777069610347
theolesieg	3.402777069610347
roymckie	3.402777069610347
adamgopnik	3.402777069610347
henningmankell	3.226685810554666
lauriethompson	3.402777069610347
madelinemiller	3.402777069610347
stephenbriggs	3.226685810554666
karenrussell	3.402777069610347
roryalbanese	3.402777069610347
kevinbleyer	3.402777069610347
wyattcenac	3.402777069610347
halliehaglund	3.402777069610347
elliottkalan	3.402777069610347
joshlieb	3.402777069610347
sammeans	3.402777069610347
jomiller	3.402777069610347
johnoliver	3.402777069610347
danielradosh	3.402777069610347
jennynimmo	3.402777069610347
anjalisingh	3.226685810554666
normanmailer	3.226685810554666
nancyeturner	3.402777069610347
richardford	3.402777069610347
georgiabyng	3.402777069610347
srenkierkegaard	3.402777069610347
alastairhannay	3.402777069610347
robinmckinley	3.226685810554666
julietmarillier	3.402777069610347
jeanienefrost	3.0048370609383097
traceygarvisgraves	3.402777069610347
elizabethgeorge	3.226685810554666
hwjanson	3.402777069610347
anthonyfjanson	3.402777069610347
mariovargasllosa	3.402777069610347
helenrlane	3.402777069610347
nathanielbranden	3.402777069610347
edwardrutherfurd	3.101747073946366
patriciacwrede	3.402777069610347
peterdesve	3.402777069610347
joshhamilton	3.402777069610347
michaelwhelan	3.402777069610347
alanrichardson	3.226685810554666
karentack	3.402777069610347
philipgourevitch	3.402777069610347
thrityumrigar	3.402777069610347
jimcarroll	3.402777069610347
byronglaser	3.402777069610347
billdfountain	3.402777069610347
gordonkorman	3.402777069610347
susanvreeland	3.402777069610347
peterwatts	3.402777069610347
kurtbusiek	3.402777069610347
alexross	3.402777069610347
derfbackderf	3.402777069610347
meganwhalenturner	3.402777069610347
taylorcaldwell	3.402777069610347
arthurhailey	3.402777069610347
robertkurson	3.402777069610347
rossking	3.402777069610347
oscarhijuelos	3.402777069610347
matthewjbruccoli	3.402777069610347
davidscottkastan	3.402777069610347
douglascoupland	3.226685810554666
stevengalloway	3.402777069610347
charlesbaudelaire	3.402777069610347
amandahocking	2.9256558148906846
joshmalerman	3.402777069610347
jamesjones	3.402777069610347
thomaspiketty	3.402777069610347
arthurgoldhammer	3.402777069610347
ericberne	3.402777069610347
rogerfisher	3.402777069610347
williamury	3.402777069610347
brucepatton	3.402777069610347
josephlhenderson	3.402777069610347
anielajaff	3.402777069610347
jolandejacobi	3.402777069610347
johnfreeman	3.402777069610347
marielouisevonfranz	3.402777069610347
michelhouellebecq	3.402777069610347
frankwynne	3.226685810554666
cristinterrill	3.402777069610347
emilymurdoch	3.402777069610347
laurenbeukes	3.402777069610347
ruthreichl	3.226685810554666
nancygarden	3.402777069610347
roxanegay	3.402777069610347
matsurihino	3.402777069610347
tomokimura	3.402777069610347
jacquelinewoodson	3.402777069610347
billsimmons	3.402777069610347
jimbouton	3.402777069610347
grantmorrison	3.226685810554666
richardflanagan	3.402777069610347
safiyalrahmanalmubarakfuri	3.402777069610347
elizabethkolbert	3.402777069610347
lauramchugh	3.402777069610347
garysmalley	3.226685810554666
darciechan	3.402777069610347
rebeccadonovan	3.101747073946366
oliviacunning	3.402777069610347
plumsykes	3.402777069610347
sarahwinman	3.402777069610347
larrylevin	3.402777069610347
bjnovak	3.402777069610347
avadellaira	3.402777069610347
enesbit	3.402777069610347
goranskrobonja	3.402777069610347
katherinestreeter	3.402777069610347
williamkentkrueger	3.402777069610347
rezaaslan	3.402777069610347
helenmacdonald	3.402777069610347
noahhawley	3.402777069610347
yaagyasi	3.402777069610347
malcolmlowry	3.402777069610347
robertsilverberg	3.402777069610347
barronstorey	3.402777069610347
billsienkiewicz	3.402777069610347
milomanara	3.402777069610347
miguelanxoprado	3.402777069610347
frankquitely	3.226685810554666
chriscrutcher	3.402777069610347
annesexton	3.402777069610347
maxinekumin	3.402777069610347
aiyazawa	3.402777069610347
geneluenyang	3.226685810554666
krdwyer	3.402777069610347
willemdafoe	3.402777069610347
gentrylee	3.101747073946366
leifenger	3.402777069610347
bettymacdonald	3.101747073946366
alexandraboiger	3.101747073946366
jameslferrell	3.402777069610347
karenarmstrong	3.402777069610347
williamsburroughs	3.402777069610347
jamesgrauerholz	3.402777069610347
barrymiles	3.402777069610347
kingsleyamis	3.402777069610347
davidlodge	3.226685810554666
samueltaylorcoleridge	3.402777069610347
gustavedor	3.402777069610347
dashiellhammett	3.226685810554666
louisefitzhugh	3.402777069610347
robertpennwarren	3.402777069610347
juliaalvarez	3.226685810554666
juliaglass	3.402777069610347
katemosse	3.226685810554666
judithguest	3.402777069610347
donnawoolfolkcross	3.402777069610347
bensherwood	3.402777069610347
marisadelossantos	3.226685810554666
stellagibbons	3.402777069610347
rozchast	3.402777069610347
justinobrien	3.402777069610347
charlotteperkinsgilman	3.226685810554666
lauramiller	3.402777069610347
jamesdickey	3.402777069610347
johnfowles	3.101747073946366
williamblake	3.226685810554666
laurencesterne	3.402777069610347
melvynnew	3.402777069610347
stevenhall	3.402777069610347
jamesnoelsmith	3.402777069610347
jeanrhys	3.402777069610347
joshbazell	3.402777069610347
alfredlansing	3.402777069610347
fredgipson	3.402777069610347
kayegibbons	3.226685810554666
robertshea	3.402777069610347
robertantonwilson	3.402777069610347
marydoriarussell	3.226685810554666
danmillman	3.402777069610347
annaleewaldo	3.402777069610347
daphnemerkin	3.402777069610347
pauledwards	3.402777069610347
gailtsukiyama	3.402777069610347
rickbragg	3.402777069610347
alexandrafuller	3.402777069610347
kategrenville	3.402777069610347
zilphakeatleysnyder	3.402777069610347
molire	3.226685810554666
martinsorrell	3.402777069610347
annettecurtisklause	3.402777069610347
mollyharper	3.402777069610347
edgarriceburroughs	3.402777069610347
clarevanderpool	3.402777069610347
stanisawlem	3.402777069610347
alexandertheroux	3.402777069610347
catherinecoulter	3.402777069610347
michaelledwidge	3.0048370609383097
tamihoag	3.226685810554666
howardroughan	3.226685810554666
thewaiter	3.402777069610347
stevedublanica	3.402777069610347
robinahwaterfield	3.402777069610347
johncheever	3.402777069610347
deborahblum	3.402777069610347
genestrattonporter	3.402777069610347
robertmorgan	3.402777069610347
johnshors	3.402777069610347
kimberlyderting	3.226685810554666
michaeldooling	3.402777069610347
russellbrand	3.402777069610347
susanecolasanti	3.402777069610347
markteague	3.402777069610347
susansadler	3.402777069610347
renegraef	3.402777069610347
nancyniles	3.402777069610347
patriciareillygiff	3.402777069610347
julieorringer	3.402777069610347
arthurmorey	3.402777069610347
ramdass	3.402777069610347
richardalpert	3.402777069610347
carloscastaneda	3.402777069610347
maryjaneknight	3.402777069610347
raymondkhoury	3.402777069610347
davidverdman	3.402777069610347
haroldbloom	3.226685810554666
howardpyle	3.402777069610347
bernardwaber	3.402777069610347
kevinhenkes	3.226685810554666
michaelbond	3.402777069610347
peggyfortnum	3.402777069610347
barbarashookhazen	3.402777069610347
robertlewismay	3.402777069610347
richardscarry	3.402777069610347
pammorris	3.402777069610347
carolinemyss	3.402777069610347
juliegarwood	3.226685810554666
joelschick	3.402777069610347
adamjohnson	3.402777069610347
nicholasmeyer	3.402777069610347
tommylee	3.402777069610347
vinceneil	3.402777069610347
nikkisixx	3.226685810554666
mickmars	3.402777069610347
joemcginniss	3.402777069610347
jamesgrady	3.402777069610347
ianedginton	3.402777069610347
injculbard	3.402777069610347
elainehedges	3.402777069610347
blaineharden	3.402777069610347
kevinoneill	3.402777069610347
arnoldkotler	3.402777069610347
jonathanhaidt	3.402777069610347
carriejones	3.402777069610347
keithszarabajka	3.402777069610347
thucydides	3.402777069610347
mosesifinley	3.402777069610347
pierspaulread	3.402777069610347
terrysouthern	3.402777069610347
davidhgoldsmith	3.402777069610347
jameslundquist	3.402777069610347
lawrencerbroer	3.402777069610347
peterjreed	3.402777069610347
loreerackstraw	3.402777069610347
williamsdoxey	3.402777069610347
jeromeklinkowitz	3.402777069610347
richardgiannone	3.402777069610347
johnlsimons	3.402777069610347
leonardmustazza	3.402777069610347
zoltanabdinagy	3.402777069610347
peterfreese	3.402777069610347
wendybfaris	3.402777069610347
lewwallace	3.402777069610347
johnmbarry	3.402777069610347
jamesdwatson	3.402777069610347
jacquelinewilson	3.226685810554666
nicksharratt	3.226685810554666
iainbanks	3.402777069610347
orhanpamuk	3.226685810554666
maureenfreely	3.226685810554666
bananayoshimoto	3.402777069610347
meganbackus	3.402777069610347
colinmeloy	3.402777069610347
tomrachman	3.402777069610347
michaeldorris	3.402777069610347
stendhal	3.402777069610347
rogergard	3.402777069610347
tjreed	3.402777069610347
mikhaillermontov	3.402777069610347
paulfoote	3.402777069610347
peterss	3.226685810554666
aaronasher	3.402777069610347
hughhowey	3.402777069610347
lendeighton	3.402777069610347
anthonymarra	3.402777069610347
kayredfieldjamison	3.402777069610347
margaretedson	3.402777069610347
samanthashannon	3.402777069610347
joehill	3.0048370609383097
molliekatzen	3.402777069610347
marcguggenheim	3.402777069610347
alexmaleev	3.402777069610347
brettbooth	3.402777069610347
josephstein	3.402777069610347
jerrybock	3.402777069610347
sheldonharnick	3.402777069610347
jenniferanielsen	3.402777069610347
ralphwaldoemerson	3.402777069610347
susannekuhlmannkrieg	3.402777069610347
jennifermcmahon	3.402777069610347
marthastout	3.402777069610347
robertmedsel	3.402777069610347
bretwitter	3.226685810554666
williamdavis	3.402777069610347
sandradallas	3.402777069610347
nicholasdkristof	3.402777069610347
sherylwudunn	3.402777069610347
rachelkushner	3.402777069610347
mattdelapena	3.402777069610347
kellylink	3.402777069610347
myramcentire	3.402777069610347
kierstenwhite	3.402777069610347
melinamarchetta	3.402777069610347
marcusaurelius	3.402777069610347
martinhammond	3.402777069610347
diskinclay	3.402777069610347
elainepagels	3.402777069610347
johngribbin	3.402777069610347
dietrichbonhoeffer	3.402777069610347
iandoescher	3.402777069610347
michaeldantedimartino	3.402777069610347
bryankonietzko	3.402777069610347
gurihiru	3.402777069610347
laraadrian	3.402777069610347
cjroberts	3.402777069610347
katieashley	3.402777069610347
jasindawilder	3.402777069610347
sandilynn	3.402777069610347
jaclynmoriarty	3.402777069610347
danielleljensen	3.402777069610347
elizabethhaynes	3.402777069610347
susanjeffers	3.402777069610347
colsonwhitehead	3.402777069610347
brianmcclellan	3.101747073946366
esiedugyan	3.402777069610347
markkurlansky	3.402777069610347
paulkidby	3.402777069610347
tonykushner	3.402777069610347
jefferyhudson	3.402777069610347
teddekker	3.226685810554666
ohenry	3.402777069610347
lisbethzwerger	3.226685810554666
michaelnorth	3.402777069610347
tomstoppard	3.402777069610347
henrypopkin	3.402777069610347
ernestjgaines	3.402777069610347
johnschoenherr	3.402777069610347
edmondrostand	3.402777069610347
eteellawson	3.402777069610347
lowellbair	3.402777069610347
peterackroyd	3.402777069610347
edglinert	3.402777069610347
rudolfoanaya	3.402777069610347
richardwright	3.226685810554666
jerrywwardjr	3.402777069610347
alexandraripley	3.402777069610347
johnsaul	3.402777069610347
frankbgilbrethjr	3.402777069610347
ernestinegilbrethcarey	3.402777069610347
chitrabanerjeedivakaruni	3.402777069610347
louisferdinandcline	3.402777069610347
williamtvollmann	3.402777069610347
walterscott	3.402777069610347
samuelshem	3.402777069610347
nevilshute	3.226685810554666
sneseierstad	3.402777069610347
ingridchristopherson	3.402777069610347
lionelabel	3.402777069610347
sapphire	3.402777069610347
eleanorhporter	3.402777069610347
tonyahurley	3.402777069610347
robertgraves	3.226685810554666
robincook	3.101747073946366
robertslevine	3.402777069610347
donaldmargulies	3.402777069610347
tappanwilder	3.402777069610347
christianlander	3.402777069610347
giovanniboccaccio	3.402777069610347
ghmcwilliam	3.402777069610347
armisteadmaupin	3.402777069610347
slavomirrawicz	3.402777069610347
dolenperkinsvaldez	3.402777069610347
ingamoore	3.402777069610347
milezola	3.402777069610347
rogerpearson	3.402777069610347
thomascahill	3.402777069610347
sistersouljah	3.402777069610347
sarahldelany	3.402777069610347
aelizabethdelany	3.402777069610347
amyhillhearth	3.402777069610347
carlbernstein	3.402777069610347
bobwoodward	3.402777069610347
jamesellroy	3.402777069610347
thomasmore	3.402777069610347
paulturner	3.402777069610347
jamesbaldwin	3.226685810554666
adolfhitler	3.402777069610347
michaeltanner	3.402777069610347
sigmundfreud	3.402777069610347
jamesstrachey	3.402777069610347
petergay	3.402777069610347
wesmoore	3.402777069610347
tavissmiley	3.402777069610347
ayaanhirsiali	3.402777069610347
sarahbanbreathnach	3.402777069610347
laurawhitcomb	3.402777069610347
normandoidge	3.402777069610347
donaldjsobol	3.402777069610347
verabwilliams	3.402777069610347
marjoriekinnanrawlings	3.402777069610347
enidbagnold	3.402777069610347
caraghmobrien	3.402777069610347
alexprudhomme	3.402777069610347
sheilaburnford	3.402777069610347
jackgantos	3.402777069610347
thomasrockwell	3.402777069610347
gennifercholdenko	3.402777069610347
crissycalhoun	3.402777069610347
doreencronin	3.226685810554666
harrybliss	3.402777069610347
teddyslater	3.402777069610347
billlangley	3.402777069610347
markbowden	3.402777069610347
edwardabbey	3.226685810554666
anthonykerrigan	3.402777069610347
enidblyton	3.402777069610347
davidcote	3.402777069610347
stephenschwartz	3.402777069610347
joanmarcus	3.402777069610347
winnieholzman	3.402777069610347
ericclapton	3.402777069610347
darrenaronofsky	3.402777069610347
richardprice	3.402777069610347
leahwilson	3.402777069610347
jenniferlynnbarnes	3.402777069610347
maryborsellino	3.402777069610347
sarahreesbrennan	3.402777069610347
terriclark	3.402777069610347
breedespain	3.402777069610347
adriennekress	3.402777069610347
sarahdarerlittman	3.402777069610347
caralockwood	3.402777069610347
elizabethmrees	3.402777069610347
liliwilkinson	3.402777069610347
blythewoolston	3.402777069610347
johnrawls	3.402777069610347
berylmarkham	3.402777069610347
petermatthiessen	3.402777069610347
jeankwok	3.402777069610347
dickriley	3.402777069610347
pammcallister	3.402777069610347
brucecassiday	3.402777069610347
blackelk	3.402777069610347
johngneihardt	3.402777069610347
mordicaigerstein	3.402777069610347
sueheap	3.402777069610347
kathygriffin	3.402777069610347
karlmarlantes	3.402777069610347
mariankeyes	3.226685810554666
bradyudall	3.402777069610347
gabriellehamilton	3.402777069610347
karenchance	3.402777069610347
johnohara	3.402777069610347
anitabrookner	3.402777069610347
helensmall	3.402777069610347
stephenwall	3.402777069610347
elmoreleonard	3.402777069610347
richardhenrydanajr	3.402777069610347
brunoniabarry	3.402777069610347
doriegreenspan	3.402777069610347
marthastewart	3.402777069610347
victorschrager	3.402777069610347
edithhahnbeer	3.402777069610347
susandworkin	3.402777069610347
susansarandon	3.402777069610347
juliaormond	3.402777069610347
rorykennedy	3.402777069610347
damonknight	3.402777069610347
davidgrann	3.402777069610347
gkchesterton	3.402777069610347
alexandredumasfils	3.402777069610347
davidcoward	3.402777069610347
iainmbanks	3.226685810554666
trudicanavan	3.402777069610347
koushuntakami	3.402777069610347
yujioniki	3.402777069610347
alandeanfoster	3.402777069610347
annacarey	3.402777069610347
robertharris	3.226685810554666
melanierawn	3.402777069610347
alexandrapotter	3.402777069610347
carolinealexander	3.402777069610347
benhwinters	3.402777069610347
deborahrodriguez	3.402777069610347
alfreduhry	3.402777069610347
donnavanliere	3.402777069610347
karmawilson	3.402777069610347
janechapman	3.402777069610347
davidhume	3.402777069610347
ruthozeki	3.402777069610347
edwardgibbon	3.402777069610347
danieljboorstin	3.402777069610347
gianbattistapiranesi	3.402777069610347
hansfriedrichmueller	3.402777069610347
tonyparsons	3.402777069610347
eleanorcatton	3.402777069610347
timtharp	3.402777069610347
amandahopkinson	3.402777069610347
nickcaistor	3.402777069610347
lianhearn	3.402777069610347
antondisclafani	3.402777069610347
irischang	3.402777069610347
carriefisher	3.402777069610347
hughlaurie	3.402777069610347
lauralippman	3.402777069610347
naomiklein	3.402777069610347
lisascottoline	3.402777069610347
harrietjacobs	3.402777069610347
tabithasuzuma	3.402777069610347
solomonnorthup	3.402777069610347
susanhill	3.402777069610347
sarahwaters	2.9256558148906846
lancearmstrong	3.402777069610347
sallyjenkins	3.402777069610347
joannatrollope	3.402777069610347
kasiewest	3.402777069610347
jkenner	3.402777069610347
gailmchugh	3.402777069610347
kimkarr	3.402777069610347
rlmathewson	3.402777069610347
nilsjohnsonshelton	3.402777069610347
marklawrence	3.402777069610347
chrissmith	3.402777069610347
christopherlee	3.402777069610347
richardtaylor	3.402777069610347
danielsuarez	3.402777069610347
chevystevens	3.226685810554666
rcslibri	3.402777069610347
matthewdicks	3.402777069610347
lyndacohenloigman	3.402777069610347
lindaasher	3.402777069610347
davidtimson	3.402777069610347
laurierking	3.226685810554666
mtanderson	3.402777069610347
lesliemarmonsilko	3.402777069610347
austingrossman	3.402777069610347
elizabethwurtzel	3.402777069610347
sydneytaylor	3.402777069610347
stevemartin	3.226685810554666
chesterbrown	3.402777069610347
peggyparish	3.402777069610347
fritzsiebel	3.402777069610347
joshuaferris	3.402777069610347
harrybernstein	3.402777069610347
richardyates	3.402777069610347
sherwoodanderson	3.402777069610347
richardfrancisburton	3.402777069610347
robertstone	3.402777069610347
edwinaabbott	3.402777069610347
baneshhoffmann	3.402777069610347
vickimyron	3.402777069610347
anneenright	3.402777069610347
lornalandvik	3.402777069610347
cynthiavoigt	3.226685810554666
alantiegreen	3.402777069610347
jameswloewen	3.402777069610347
fredmarcellino	3.402777069610347
rainermariarilke	3.402777069610347
reginaldsnell	3.402777069610347
franzxaverkappus	3.402777069610347
carolynparkhurst	3.402777069610347
lechjczmyk	3.402777069610347
kengrimwood	3.402777069610347
janesmiley	3.402777069610347
suemiller	3.402777069610347
emilydickinson	3.226685810554666
thomashjohnson	3.402777069610347
omarkhayym	3.402777069610347
steveparkhouse	3.226685810554666
chrisbachalo	3.226685810554666
katherinehowe	3.402777069610347
billmoyers	3.402777069610347
ignessodre	3.402777069610347
alvinschwartz	3.402777069610347
stephengammell	3.226685810554666
arlenemosel	3.402777069610347
blairlent	3.402777069610347
phyllisreynoldsnaylor	3.402777069610347
naraelee	3.402777069610347
anniedillard	3.402777069610347
bagramibatoulline	3.402777069610347
juliocortzar	3.402777069610347
richardskennedy	3.402777069610347
octaviaebutler	3.402777069610347
philipjosfarmer	3.402777069610347
petersalm	3.402777069610347
williambedellstanford	3.402777069610347
pierreambroisechoderlosdelaclos	3.402777069610347
douglasparme	3.226685810554666
aristophanes	3.402777069610347
sarahruden	3.402777069610347
jcourtneysullivan	3.402777069610347
louisdebernires	3.402777069610347
lauralmerlington	3.402777069610347
scottbrick	3.226685810554666
geoffreycrayon	3.402777069610347
williamlhedges	3.402777069610347
francineduplessixgray	3.402777069610347
robertwilliamchapman	3.402777069610347
barbarataylorbradford	3.402777069610347
claudiagray	3.226685810554666
jeromelawrence	3.402777069610347
robertelee	3.402777069610347
edwardsaid	3.402777069610347
immaculeilibagiza	3.402777069610347
steveerwin	3.402777069610347
cynthiamarshall	3.402777069610347
malikaoufkir	3.402777069610347
michlefitoussi	3.402777069610347
ericmetaxas	3.402777069610347
thomasmerton	3.402777069610347
robertgiroux	3.402777069610347
williamhshannon	3.402777069610347
garyjennings	3.402777069610347
anyaseton	3.402777069610347
davidfarland	3.402777069610347
steventmurray	3.402777069610347
vsramachandran	3.402777069610347
sandrablakeslee	3.402777069610347
naomiwolf	3.402777069610347
ritamaebrown	3.402777069610347
williamkennedy	3.402777069610347
jaymcinerney	3.402777069610347
elizabethscott	3.402777069610347
jessicadaygeorge	3.402777069610347
rhodajanzen	3.402777069610347
esphyrslobodkina	3.402777069610347
sydhoff	3.402777069610347
eleanorestes	3.402777069610347
louisslobodkin	3.402777069610347
ruthstilesgannett	3.402777069610347
blueballiett	3.402777069610347
christophergolden	3.402777069610347
margretrey	3.226685810554666
alsinger	3.402777069610347
jeandebrunhoff	3.402777069610347
merleshaas	3.402777069610347
sidfleischman	3.402777069610347
clairehuchetbishop	3.402777069610347
carolinebcooney	3.402777069610347
paullinasimons	3.402777069610347
julieotsuka	3.402777069610347
estherhicks	3.402777069610347
jerryhicks	3.402777069610347
waynewdyer	3.402777069610347
paramahansayogananda	3.402777069610347
stephenclundin	3.402777069610347
harrypaul	3.402777069610347
johnchristensen	3.402777069610347
annadewdney	3.402777069610347
janbrett	3.226685810554666
kellyjones	3.402777069610347
danielvozzo	3.402777069610347
leeloughridge	3.402777069610347
steveoliff	3.402777069610347
samharris	3.226685810554666
nksandars	3.402777069610347
benokri	3.402777069610347
richardcondon	3.402777069610347
marthaweston	3.402777069610347
simmstaback	3.402777069610347
peterdavid	3.402777069610347
robinfurth	3.402777069610347
richardisanove	3.226685810554666
rolfpotts	3.402777069610347
johnmarsden	3.402777069610347
jenniferestep	3.402777069610347
corydoctorow	3.402777069610347
tinareber	3.402777069610347
normanvincentpeale	3.402777069610347
annaguirre	3.402777069610347
rosalindmiles	3.402777069610347
richarddilallo	3.402777069610347
rogerleamacbride	3.402777069610347
davidgilleece	3.402777069610347
jacquelinekelly	3.402777069610347
marthagrimes	3.402777069610347
danielabraham	3.402777069610347
tommypatterson	3.402777069610347
scottsigler	3.402777069610347
jamiattenberg	3.402777069610347
morganmatson	3.402777069610347
danwells	3.402777069610347
patfrank	3.402777069610347
stephenrlawhead	3.402777069610347
josephdelaney	3.226685810554666
jjabrams	3.402777069610347
dougdorst	3.402777069610347
robertcrais	3.101747073946366
richardpaulevans	3.402777069610347
hriderhaggard	3.402777069610347
chelseamcameron	3.402777069610347
nickcutter	3.402777069610347
lioneltrilling	3.402777069610347
hlmencken	3.402777069610347
jordanstump	3.402777069610347
johnelderrobison	3.402777069610347
georgecarlin	3.402777069610347
edanlepucki	3.402777069610347
kimstanleyrobinson	3.402777069610347
tashatudor	3.402777069610347
wbyeats	3.402777069610347
richardjfinneran	3.402777069610347
danielgoleman	3.402777069610347
mihalycsikszentmihalyi	3.402777069610347
hillaryrodhamclinton	3.226685810554666
franoisesagan	3.402777069610347
moirayoung	3.402777069610347
elynrsaks	3.402777069610347
leisarayven	3.402777069610347
tessadare	3.402777069610347
oswaldchambers	3.402777069610347
henrycloud	3.402777069610347
johntownsend	3.402777069610347
ronchernow	3.226685810554666
guykawasaki	3.402777069610347
chipheath	3.402777069610347
danheath	3.402777069610347
richardkmorgan	3.402777069610347
emilysnow	3.402777069610347
joannawylde	3.402777069610347
samanthatowle	3.402777069610347
jennydavidson	3.402777069610347
tarrynfisher	3.402777069610347
sabaatahir	3.402777069610347
billclegg	3.402777069610347
ruthware	3.402777069610347
ericvanlustbader	3.402777069610347
carriebrownstein	3.402777069610347
petersnejbjerg	3.402777069610347
johnmccrea	3.402777069610347
dbcpierre	3.402777069610347
snmezgven	3.402777069610347
edithhamilton	3.402777069610347
steelesavage	3.402777069610347
hanshermann	3.402777069610347
borispasternak	3.402777069610347
maxhayward	3.402777069610347
manyaharari	3.402777069610347
johnbayley	3.402777069610347
johnstuartmill	3.402777069610347
peterglassman	3.402777069610347
frederickdouglass	3.402777069610347
eugeneoneill	3.402777069610347
karenvkukil	3.402777069610347
blakeferris	3.402777069610347
adriannicoleleblanc	3.402777069610347
jillconnerbrowne	3.402777069610347
davidalabort	3.402777069610347
manuelespn	3.402777069610347
alanlightman	3.402777069610347
allisonpearson	3.402777069610347
richardllewellyn	3.402777069610347
keithwilson	3.402777069610347
alexanderpushkin	3.402777069610347
jamesefalen	3.402777069610347
davidjamesduncan	3.402777069610347
davidseltzer	3.402777069610347
vikramseth	3.402777069610347
thomasmalory	3.402777069610347
keithbaines	3.402777069610347
timothyzahn	3.226685810554666
iainpears	3.402777069610347
edwardpjones	3.402777069610347
christopherryan	3.402777069610347
cacildajeth	3.402777069610347
paulbowles	3.402777069610347
arturoprezreverte	3.402777069610347
soniasoto	3.402777069610347
jeanjacquesrousseau	3.402777069610347
mauricecranston	3.402777069610347
stevenjohnson	3.402777069610347
mireilleguiliano	3.402777069610347
lloydcdouglas	3.402777069610347
davidbrooks	3.402777069610347
robertbloch	3.226685810554666
jennyoconnell	3.402777069610347
williampnedubois	3.402777069610347
jenniferechols	3.402777069610347
sabodeen	3.402777069610347
cynthiarylant	3.402777069610347
lindasuepark	3.402777069610347
heathergudenkauf	3.402777069610347
edwardeager	3.402777069610347
nmbodecker	3.402777069610347
kevinwilliamson	3.402777069610347
julieplec	3.402777069610347
dorotheabentonfrank	3.402777069610347
karenharper	3.402777069610347
donaldhall	3.402777069610347
joannacole	3.402777069610347
brucedegen	3.402777069610347
theodoretaylor	3.402777069610347
annefortier	3.402777069610347
sarahblake	3.402777069610347
orlaghcassidy	3.402777069610347
laweatherly	3.402777069610347
marygordon	3.402777069610347
augustderleth	3.402777069610347
waltermosley	3.402777069610347
kevinwilson	3.402777069610347
lameyer	3.402777069610347
petershaffer	3.402777069610347
nikolaigogol	3.402777069610347
robertamaguire	3.402777069610347
jonathankellerman	3.402777069610347
stevemartini	3.402777069610347
michaelrosen	3.402777069610347
helenoxenbury	3.402777069610347
betsylewin	3.402777069610347
miepgies	3.402777069610347
alisonlesliegold	3.402777069610347
stephendavis	3.402777069610347
rachelcohn	3.402777069610347
marywestmacott	3.402777069610347
marshallkarp	3.402777069610347
kimnewman	3.402777069610347
brianmooney	3.402777069610347
nicholasroyle	3.402777069610347
davidlangford	3.402777069610347
michaelmarshallsmith	3.402777069610347
brianlumley	3.402777069610347
basilcopper	3.402777069610347
jackyeovil	3.402777069610347
guynsmith	3.402777069610347
adriancole	3.402777069610347
dflewis	3.402777069610347
ramseycampbell	3.402777069610347
davidsutton	3.402777069610347
petertremayne	3.402777069610347
bettycrocker	3.402777069610347
diablocody	3.402777069610347
jillboltetaylor	3.402777069610347
conorgrennan	3.402777069610347
marylawson	3.402777069610347
jameslswanson	3.402777069610347
hwbrands	3.402777069610347
rachelisadora	3.402777069610347
sallybedellsmith	3.402777069610347
michaelslater	3.402777069610347
andykubert	3.402777069610347
petersanderson	3.402777069610347
judewatson	3.402777069610347
patrickobrian	3.402777069610347
edmundmorris	3.402777069610347
edbaker	3.402777069610347
truddichase	3.402777069610347
robertaphillipsjr	3.402777069610347
cathymariebuchanan	3.402777069610347
annefadiman	3.402777069610347
annemichaels	3.402777069610347
kennethoppel	3.402777069610347
barbarademick	3.402777069610347
stevenspielberg	3.402777069610347
steveperry	3.402777069610347
stevepieczenik	3.402777069610347
herodotus	3.402777069610347
aubreydeslincourt	3.402777069610347
johnmmarincola	3.402777069610347
sophiejordan	3.402777069610347
judedeveraux	3.402777069610347
dianasudyka	3.402777069610347
alistairmaclean	3.402777069610347
sinclairlewis	3.402777069610347
edemberley	3.402777069610347
matthewinman	3.402777069610347
theoatmeal	3.402777069610347
williamboyd	3.402777069610347
taraconklin	3.402777069610347
adrianconandoyle	3.402777069610347
johndicksoncarr	3.402777069610347
naokotakeuchi	3.402777069610347
georgecperry	3.402777069610347
clivebarda	3.402777069610347
janerice	3.402777069610347
andrewlloydwebber	3.402777069610347
elainenaron	3.402777069610347
jamesbowen	3.402777069610347
simonschama	3.402777069610347
clairenorth	3.402777069610347
oliverbrock	3.402777069610347
bobdylan	3.402777069610347
andreagassi	3.402777069610347
davidsmall	3.402777069610347
brotherandrew	3.402777069610347
vinceflynn	3.402777069610347
patricklencioni	3.402777069610347
charlieadlard	3.402777069610347
cliffrathburn	3.402777069610347
georgiacates	3.402777069610347
miasheridan	3.402777069610347
rachelvandyken	3.402777069610347
ellekennedy	3.402777069610347
jdaniels	3.402777069610347
philipyancey	3.402777069610347
jipacker	3.402777069610347
gregiles	3.402777069610347
geralddurrell	3.402777069610347
helmalapia	3.402777069610347
amysedaris	3.402777069610347
