book_id	year	TF_year_val
283	1990	1.0
282	2002	1.0
43	1847	1.0
8	1951	1.0
289	1972	1.0
561	1961	1.0
89	1973	1.0
371	1961	1.0
633	1959	1.0
1179	1966	1.0
492	1986	1.0
760	1998	1.0
838	1991	1.0
1213	1996	1.0
474	2006	1.0
1368	1992	1.0
429	1983	1.0
894	1989	1.0
1342	2002	1.0
1337	2004	1.0
1343	1986	1.0
755	1987	1.0
1089	1987	1.0
168	1978	1.0
72	1977	1.0
176	1986	1.0
243	1987	1.0
305	1983	1.0
349	1975	1.0
691	1999	1.0
1261	1987	1.0
1248	1984	1.0
915	1994	1.0
609	2006	1.0
191	1987	1.0
196	1996	1.0
951	1999	1.0
1389	2003	1.0
854	1999	1.0
1236	2005	1.0
743	2002	1.0
1153	2006	1.0
130	1952	1.0
401	1929	1.0
395	1940	1.0
1202	1985	1.0
637	1950	1.0
1074	1959	1.0
350	1971	1.0
170	1998	1.0
145	2001	1.0
276	1951	1.0
789	1952	1.0
503	1968	1.0
1019	1953	1.0
897	1973	1.0
95	1891	1.0
126	1965	1.0
1105	1969	1.0
1262	1976	1.0
929	1954	1.0
28	1954	1.0
666	2005	1.0
322	1996	1.0
167	2001	1.0
1367	1958	1.0
1010	1988	1.0
499	1991	1.0
670	1979	1.0
556	1981	1.0
1139	1987	1.0
1042	1987	1.0
337	1996	1.0
129	1962	1.0
696	1985	1.0
365	1990	1.0
32	1937	1.0
301	1899	1.0
173	1962	1.0
205	1976	1.0
390	1886	1.0
410	1958	1.0
142	1989	1.0
103	1844	1.0
33	1997	1.0
14	1945	1.0
58	1884	1.0
65	1969	1.0
22	2002	1.0
60	2003	1.0
115	2002	1.0
57	2001	1.0
9	2000	1.0
38	2003	1.0
29	1595	1.0
100	1998	1.0
67	2007	1.0
35	1988	1.0
40	2006	1.0
119	1985	1.0
122	1995	1.0
121	1955	1.0
94	1967	1.0
495	2000	1.0
42	1868	1.0
287	1943	1.0
669	1982	1.0
736	1952	1.0
642	2007	1.0
212	2001	1.0
10	1813	1.0
230	1817	1.0
171	1815	1.0
76	1811	1.0
426	1980	1.0
1142	1999	1.0
26	2003	1.0
11	2003	1.0
50	1974	1.0
101	2000	1.0
7	1937	1.0
55	1932	1.0
344	1997	1.0
19	1954	1.0
378	2003	1.0
405	1973	1.0
225	1952	1.0
326	1999	1.0
238	2002	1.0
1102	2003	1.0
64	2004	1.0
328	2007	1.0
306	1992	1.0
325	1989	1.0
476	1978	1.0
704	1985	1.0
133	1908	1.0
1210	1909	1.0
1112	1915	1.0
70	1985	1.0
693	1987	1.0
278	1981	1.0
1167	1308	1.0
48	1953	1.0
113	1961	1.0
398	2001	1.0
209	1988	1.0
4	1960	1.0
919	1993	1.0
828	2000	1.0
84	1990	1.0
184	1988	1.0
37	1950	1.0
1299	1980	1.0
373	1982	1.0
599	1980	1.0
751	1982	1.0
1014	1984	1.0
54	1979	1.0
1332	1992	1.0
766	1989	1.0
104	2006	1.0
62	1995	1.0
271	1966	1.0
297	1963	1.0
682	2004	1.0
79	-720	1.0
1222	1945	1.0
77	1998	1.0
264	1926	1.0
335	1961	1.0
158	1964	1.0
529	1726	1.0
646	1390	1.0
138	1850	1.0
374	2003	1.0
316	1997	1.0
368	1997	1.0
480	2000	1.0
1294	2007	1.0
481	1994	1.0
1071	1995	1.0
510	1990	1.0
1249	1998	1.0
1278	2005	1.0
330	1990	1.0
528	1991	1.0
1119	1996	1.0
949	1993	1.0
722	1992	1.0
795	1998	1.0
887	1930	1.0
179	1996	1.0
63	1847	1.0
431	1981	1.0
109	1862	1.0
131	1939	1.0
792	1812	1.0
1283	1992	1.0
239	2006	1.0
234	1999	1.0
1324	2000	1.0
52	2007	1.0
49	2006	1.0
3	2005	1.0
591	2007	1.0
74	2005	1.0
275	2006	1.0
117	1962	1.0
386	1960	1.0
68	1999	1.0
425	1971	1.0
1196	1973	1.0
621	1970	1.0
369	2000	1.0
120	2001	1.0
53	2002	1.0
219	1956	1.0
586	2003	1.0
245	1977	1.0
354	1987	1.0
155	1954	1.0
161	1955	1.0
39	1996	1.0
135	2000	1.0
620	1982	1.0
110	1998	1.0
345	2005	1.0
165	2005	1.0
223	2001	1.0
15	1947	1.0
87	1958	1.0
688	2003	1.0
114	1997	1.0
154	1606	1.0
71	1818	1.0
150	1997	1.0
66	1936	1.0
531	975	1.0
984	1667	1.0
341	-750	1.0
200	1939	1.0
501	1998	1.0
857	1978	1.0
671	1920	1.0
85	1964	1.0
102	1963	1.0
157	1960	1.0
59	1952	1.0
251	1957	1.0
93	1911	1.0
296	1969	1.0
793	1967	1.0
540	1905	1.0
544	1935	1.0
490	1985	1.0
90	1967	1.0
856	2000	1.0
137	1991	1.0
554	1993	1.0
1315	2003	1.0
186	2001	1.0
772	-380	1.0
819	1854	1.0
898	1988	1.0
356	1999	1.0
999	1972	1.0
905	1978	1.0
346	1900	1.0
463	1992	1.0
1171	2003	1.0
712	1996	1.0
357	1929	1.0
116	1876	1.0
1005	1999	1.0
317	1969	1.0
604	1993	1.0
347	1951	1.0
353	1603	1.0
387	1953	1.0
934	1952	1.0
714	1603	1.0
855	1601	1.0
715	1949	1.0
456	1947	1.0
136	1996	1.0
1095	2006	1.0
868	1945	1.0
178	1963	1.0
372	2004	1.0
361	1838	1.0
815	2005	1.0
461	1931	1.0
593	1968	1.0
107	1999	1.0
44	1996	1.0
616	2000	1.0
331	1998	1.0
1381	2001	1.0
1117	1995	1.0
1083	1999	1.0
248	1595	1.0
233	1985	1.0
160	1860	1.0
675	1980	1.0
1123	1985	1.0
944	1996	1.0
488	1996	1.0
739	1982	1.0
232	1982	1.0
911	1992	1.0
1288	1979	1.0
818	2001	1.0
806	1997	1.0
578	1983	1.0
1053	2004	1.0
967	1989	1.0
725	1991	1.0
953	2004	1.0
612	1987	1.0
865	1978	1.0
936	2003	1.0
703	1998	1.0
1075	1992	1.0
1360	2008	1.0
1208	1990	1.0
705	1984	1.0
46	2006	1.0
611	1977	1.0
1176	2001	1.0
768	2003	1.0
650	1852	1.0
730	1947	1.0
1161	1945	1.0
505	1995	1.0
786	1996	1.0
569	2005	1.0
1351	2006	1.0
1260	2002	1.0
83	1859	1.0
660	1980	1.0
575	1999	1.0
1296	2004	1.0
332	1953	1.0
602	1953	1.0
542	1954	1.0
292	1951	1.0
25	2007	1.0
27	2005	1.0
24	2000	1.0
18	1999	1.0
21	2003	1.0
23	1998	1.0
2	1997	1.0
1218	1986	1.0
453	1997	1.0
310	2001	1.0
530	1598	1.0
156	2004	1.0
455	2005	1.0
647	2006	1.0
864	2001	1.0
1026	2005	1.0
411	2005	1.0
228	2002	1.0
78	2003	1.0
207	1994	1.0
1067	1998	1.0
912	1996	1.0
996	1997	1.0
1232	2002	1.0
1267	2003	1.0
1226	2001	1.0
1151	2000	1.0
1390	2005	1.0
1365	1940	1.0
381	1995	1.0
625	1997	1.0
727	1995	1.0
148	1999	1.0
118	1989	1.0
694	2008	1.0
851	1979	1.0
268	2005	1.0
570	1995	1.0
5	1925	1.0
80	1946	1.0
559	1891	1.0
180	1922	1.0
1094	1918	1.0
177	1866	1.0
265	1943	1.0
13	1949	1.0
916	2003	1.0
472	1946	1.0
899	1920	1.0
829	1908	1.0
272	1989	1.0
883	2000	1.0
189	1955	1.0
125	1600	1.0
860	1988	1.0
888	1955	1.0
1287	1977	1.0
641	1956	1.0
1061	1958	1.0
388	1986	1.0
36	1993	1.0
622	2002	1.0
508	2001	1.0
174	2007	1.0
231	2007	1.0
81	2005	1.0
256	2006	1.0
47	2005	1.0
199	2005	1.0
1175	2003	1.0
263	1997	1.0
241	1989	1.0
457	2005	1.0
523	1990	1.0
687	2005	1.0
82	1996	1.0
383	2003	1.0
236	1997	1.0
213	1915	1.0
1329	1956	1.0
308	2003	1.0
560	1856	1.0
1393	1945	1.0
97	1897	1.0
961	1871	1.0
1035	2007	1.0
701	1925	1.0
1041	1868	1.0
162	1942	1.0
718	1929	1.0
1224	1999	1.0
304	1998	1.0
229	1865	1.0
222	1980	1.0
448	2002	1.0
1319	1992	1.0
478	1719	1.0
1113	1883	1.0
538	1994	1.0
590	1849	1.0
479	1513	1.0
1316	2008	1.0
56	2008	1.0
1149	2005	1.0
399	2007	1.0
927	2004	1.0
273	2005	1.0
1238	2006	1.0
197	2001	1.0
527	2002	1.0
563	2003	1.0
558	2004	1.0
631	2005	1.0
652	2006	1.0
624	2007	1.0
724	2008	1.0
707	1994	1.0
255	1957	1.0
417	2006	1.0
903	1938	1.0
959	1916	1.0
780	1987	1.0
879	1906	1.0
681	1932	1.0
595	1959	1.0
416	1983	1.0
123	1991	1.0
1255	1984	1.0
626	1985	1.0
108	2000	1.0
955	2001	1.0
1063	2002	1.0
509	2008	1.0
834	2008	1.0
467	2007	1.0
867	2005	1.0
473	2007	1.0
1310	2008	1.0
1239	1981	1.0
943	1997	1.0
534	2008	1.0
662	1999	1.0
92	2005	1.0
848	2001	1.0
111	2005	1.0
266	1995	1.0
242	1993	1.0
217	2003	1.0
364	1957	1.0
270	1938	1.0
577	1975	1.0
323	1984	1.0
733	1994	1.0
471	1814	1.0
451	1817	1.0
778	1831	1.0
375	1903	1.0
937	2000	1.0
663	1980	1.0
922	1997	1.0
1039	2009	1.0
485	1880	1.0
592	1967	1.0
925	1998	1.0
172	1877	1.0
516	2000	1.0
515	1986	1.0
782	1899	1.0
770	1599	1.0
576	1759	1.0
773	1593	1.0
997	1905	1.0
518	1904	1.0
181	1965	1.0
497	1877	1.0
826	1908	1.0
1084	1927	1.0
639	1880	1.0
1184	1933	1.0
545	1922	1.0
1015	1927	1.0
424	1980	1.0
391	1971	1.0
820	1989	1.0
1373	1980	1.0
679	1939	1.0
496	1980	1.0
194	1851	1.0
1073	1847	1.0
1178	1881	1.0
512	1849	1.0
514	1892	1.0
468	1937	1.0
1186	1945	1.0
1135	1914	1.0
824	-430	1.0
614	1925	1.0
1364	1864	1.0
358	1990	1.0
872	1947	1.0
1108	1835	1.0
1348	1954	1.0
489	1923	1.0
672	1934	1.0
444	1926	1.0
446	1887	1.0
400	1984	1.0
606	1970	1.0
360	1968	1.0
546	1974	1.0
1160	1939	1.0
994	1972	1.0
1322	1968	1.0
877	1979	1.0
765	1965	1.0
895	2005	1.0
1272	2003	1.0
1144	2000	1.0
1378	1998	1.0
1145	1996	1.0
1031	1964	1.0
198	1982	1.0
261	1996	1.0
941	1998	1.0
1088	1874	1.0
1235	1980	1.0
430	2002	1.0
948	2001	1.0
901	2001	1.0
885	1999	1.0
1317	2000	1.0
300	2006	1.0
661	1972	1.0
1158	1958	1.0
397	1985	1.0
982	1994	1.0
840	1975	1.0
1087	2002	1.0
274	1969	1.0
1311	1998	1.0
443	2006	1.0
519	2005	1.0
73	2008	1.0
187	2005	1.0
615	2002	1.0
781	2006	1.0
541	2004	1.0
367	2003	1.0
336	2001	1.0
1379	2002	1.0
674	2001	1.0
1265	1991	1.0
293	1882	1.0
597	1605	1.0
420	1998	1.0
784	2006	1.0
500	2000	1.0
690	2006	1.0
329	2008	1.0
486	2003	1.0
1020	2004	1.0
608	1986	1.0
454	1985	1.0
579	1960	1.0
549	1948	1.0
728	1967	1.0
627	1989	1.0
873	1999	1.0
1033	2000	1.0
1225	2000	1.0
1163	2000	1.0
1289	2001	1.0
1233	2001	1.0
284	1955	1.0
427	1895	1.0
1217	1990	1.0
436	1997	1.0
653	1995	1.0
513	1971	1.0
311	1977	1.0
587	2002	1.0
408	1997	1.0
817	1986	1.0
769	1894	1.0
731	1971	1.0
195	2008	1.0
594	2000	1.0
767	1999	1.0
700	2005	1.0
1079	1993	1.0
832	1995	1.0
1032	2006	1.0
31	2009	1.0
447	2008	1.0
312	2008	1.0
1052	2009	1.0
16	2005	1.0
709	1953	1.0
258	2001	1.0
520	1994	1.0
407	2001	1.0
550	2006	1.0
1205	1985	1.0
1282	2004	1.0
908	2006	1.0
1101	2008	1.0
572	2003	1.0
484	2001	1.0
777	2001	1.0
193	2008	1.0
366	2001	1.0
498	1869	1.0
1011	2008	1.0
247	1989	1.0
658	2001	1.0
779	1996	1.0
483	1961	1.0
935	1906	1.0
734	1976	1.0
902	1992	1.0
757	1985	1.0
362	1942	1.0
557	1993	1.0
1214	1922	1.0
1055	1981	1.0
298	1895	1.0
839	1596	1.0
664	1958	1.0
763	1970	1.0
1253	1934	1.0
809	1932	1.0
1266	1962	1.0
1327	1894	1.0
402	1843	1.0
98	2006	1.0
974	1962	1.0
494	1992	1.0
86	1989	1.0
635	1991	1.0
896	2003	1.0
708	2003	1.0
422	1998	1.0
1121	1985	1.0
1090	2000	1.0
1312	1985	1.0
1250	1958	1.0
748	2009	1.0
1231	2007	1.0
227	1993	1.0
651	1909	1.0
1223	1953	1.0
432	1950	1.0
930	2008	1.0
249	2005	1.0
584	2009	1.0
764	2009	1.0
17	2009	1.0
998	1971	1.0
1380	1986	1.0
380	1987	1.0
1384	1998	1.0
182	2009	1.0
762	1982	1.0
1064	1859	1.0
1038	1976	1.0
1237	1987	1.0
723	2003	1.0
169	2008	1.0
41	2005	1.0
1216	2003	1.0
396	2009	1.0
1100	1979	1.0
1	2008	1.0
127	2000	1.0
314	2003	1.0
175	2009	1.0
1391	2005	1.0
214	2007	1.0
1290	2004	1.0
377	1999	1.0
964	1973	1.0
151	2006	1.0
1155	2003	1.0
618	1902	1.0
1258	1980	1.0
469	2001	1.0
1298	2004	1.0
918	2002	1.0
1137	2003	1.0
1199	2003	1.0
1172	2005	1.0
1131	1998	1.0
281	1992	1.0
601	1901	1.0
51	2007	1.0
246	2007	1.0
153	2008	1.0
134	2009	1.0
449	2007	1.0
643	2008	1.0
491	2008	1.0
783	2009	1.0
981	2006	1.0
814	2008	1.0
159	2008	1.0
568	1986	1.0
216	2006	1.0
1120	-560	1.0
1211	1930	1.0
863	1988	1.0
853	1990	1.0
441	2009	1.0
1003	1985	1.0
343	1996	1.0
833	1994	1.0
1037	1998	1.0
1388	2004	1.0
596	1995	1.0
1301	2005	1.0
975	1974	1.0
923	2007	1.0
1048	1997	1.0
866	1974	1.0
706	1872	1.0
699	1869	1.0
972	1864	1.0
526	2004	1.0
1247	1967	1.0
450	2000	1.0
891	2001	1.0
1034	2001	1.0
1127	2002	1.0
1228	2003	1.0
1340	2005	1.0
1304	2004	1.0
1363	2006	1.0
808	2007	1.0
1060	2007	1.0
719	2005	1.0
442	1992	1.0
1111	1999	1.0
254	2009	1.0
208	2010	1.0
221	1995	1.0
761	2009	1.0
547	1897	1.0
758	2003	1.0
211	2005	1.0
574	2000	1.0
1091	1993	1.0
1339	1980	1.0
800	1902	1.0
933	2009	1.0
969	2005	1.0
493	1952	1.0
628	1987	1.0
785	1989	1.0
871	2010	1.0
657	2008	1.0
414	2008	1.0
1021	2007	1.0
315	1998	1.0
403	-500	1.0
201	2009	1.0
291	2009	1.0
140	2007	1.0
1068	1996	1.0
1051	1998	1.0
1159	1994	1.0
1300	2004	1.0
1275	2009	1.0
20	2010	1.0
355	2008	1.0
804	1623	1.0
1204	1897	1.0
511	1990	1.0
665	2010	1.0
729	1989	1.0
881	1985	1.0
1392	2003	1.0
1154	2003	1.0
1280	-17	1.0
869	2006	1.0
654	2010	1.0
598	1995	1.0
389	2006	1.0
875	2007	1.0
202	2009	1.0
394	2008	1.0
384	2008	1.0
152	2006	1.0
1136	2009	1.0
754	2008	1.0
333	2007	1.0
1150	1995	1.0
1099	-300	1.0
260	1936	1.0
846	1950	1.0
412	1990	1.0
1106	1945	1.0
1314	1859	1.0
440	2010	1.0
1181	1999	1.0
823	1982	1.0
1269	1994	1.0
791	2010	1.0
1050	2008	1.0
801	2009	1.0
224	2009	1.0
338	2009	1.0
906	2010	1.0
144	2010	1.0
91	2009	1.0
269	2003	1.0
1007	2004	1.0
692	2008	1.0
183	2010	1.0
571	2003	1.0
552	2000	1.0
645	2007	1.0
507	2010	1.0
726	1997	1.0
340	2010	1.0
847	1996	1.0
638	2010	1.0
124	2010	1.0
303	2006	1.0
680	1937	1.0
613	2008	1.0
1303	1978	1.0
1234	1973	1.0
744	1997	1.0
573	1998	1.0
106	2011	1.0
1128	1968	1.0
1070	2006	1.0
1018	1996	1.0
1286	2001	1.0
1049	2005	1.0
286	2008	1.0
439	1987	1.0
1318	1971	1.0
788	1993	1.0
1024	2009	1.0
1361	2006	1.0
697	2011	1.0
188	2011	1.0
1207	1812	1.0
588	1986	1.0
1138	2001	1.0
477	1997	1.0
1016	2001	1.0
1358	2005	1.0
521	2005	1.0
139	2011	1.0
659	1995	1.0
1309	2010	1.0
185	2011	1.0
12	2011	1.0
379	2011	1.0
802	2010	1.0
710	2005	1.0
309	2011	1.0
351	2011	1.0
1132	1977	1.0
1259	2003	1.0
909	2011	1.0
434	2010	1.0
685	2008	1.0
147	2007	1.0
88	2008	1.0
1244	2009	1.0
415	2009	1.0
1382	1989	1.0
192	2007	1.0
1273	2004	1.0
775	2010	1.0
406	1979	1.0
1325	2008	1.0
900	1976	1.0
1256	2008	1.0
914	1974	1.0
280	2011	1.0
1302	2011	1.0
475	2011	1.0
166	2010	1.0
1279	2002	1.0
435	2010	1.0
382	2010	1.0
849	1999	1.0
1066	2009	1.0
844	1989	1.0
876	1941	1.0
968	2006	1.0
1369	1999	1.0
882	1978	1.0
1059	1998	1.0
1193	1996	1.0
543	2010	1.0
419	2009	1.0
686	2003	1.0
683	2001	1.0
716	2007	1.0
1215	1998	1.0
952	2007	1.0
1386	1998	1.0
825	2009	1.0
1305	1942	1.0
797	2008	1.0
1025	2003	1.0
163	2010	1.0
392	2004	1.0
1323	2005	1.0
421	2011	1.0
482	2010	1.0
295	2011	1.0
1058	1930	1.0
648	2011	1.0
1201	2011	1.0
294	2011	1.0
821	2010	1.0
220	\N	1.0
128	2011	1.0
445	2011	1.0
924	2011	1.0
1030	2011	1.0
1334	2011	1.0
1338	1830	1.0
1344	2009	1.0
6	2012	1.0
363	2010	1.0
957	2010	1.0
600	2010	1.0
149	2009	1.0
517	2008	1.0
1004	2011	1.0
995	2011	1.0
656	2006	1.0
1191	1970	1.0
1354	1886	1.0
649	2009	1.0
732	2009	1.0
1189	1996	1.0
1168	1982	1.0
1206	1994	1.0
989	1971	1.0
1096	2004	1.0
1156	2007	1.0
1008	2011	1.0
370	2010	1.0
759	2011	1.0
1229	1993	1.0
548	2006	1.0
428	2012	1.0
1335	2005	1.0
562	2010	1.0
1114	1854	1.0
737	2007	1.0
822	2011	1.0
907	2009	1.0
632	2011	1.0
1056	2004	1.0
1148	2011	1.0
1359	2012	1.0
404	2012	1.0
466	1989	1.0
1270	1999	1.0
69	2012	1.0
290	2011	1.0
34	2011	1.0
327	2011	1.0
1313	1992	1.0
1069	2009	1.0
619	2011	1.0
747	1995	1.0
99	2011	1.0
96	2012	1.0
629	1998	1.0
677	2009	1.0
634	2011	1.0
1072	2010	1.0
1115	2011	1.0
1293	2007	1.0
735	1988	1.0
880	2008	1.0
805	2010	1.0
1227	2009	1.0
1093	2011	1.0
418	2010	1.0
711	2007	1.0
1140	2010	1.0
1077	2001	1.0
1141	2010	1.0
1188	2007	1.0
1197	2012	1.0
1164	2012	1.0
218	2012	1.0
904	2011	1.0
1036	2011	1.0
962	2012	1.0
203	2011	1.0
1292	2005	1.0
589	2012	1.0
644	2012	1.0
1246	1997	1.0
433	2005	1.0
1209	2012	1.0
960	2009	1.0
1200	2011	1.0
746	2006	1.0
1254	2007	1.0
30	2012	1.0
342	2012	1.0
535	2011	1.0
1297	2012	1.0
302	2010	1.0
689	2012	1.0
932	2001	1.0
1157	1981	1.0
582	1997	1.0
1086	1993	1.0
956	1984	1.0
1190	2011	1.0
980	2006	1.0
307	2011	1.0
313	2012	1.0
978	2012	1.0
190	2012	1.0
385	2012	1.0
771	2011	1.0
522	2004	1.0
917	2006	1.0
250	2012	1.0
1333	2003	1.0
320	2012	1.0
1047	2012	1.0
502	2004	1.0
112	2012	1.0
947	2011	1.0
244	2006	1.0
226	2009	1.0
551	2013	1.0
1374	2012	1.0
164	2013	1.0
910	2005	1.0
749	2013	1.0
698	2008	1.0
277	2013	1.0
146	2013	1.0
452	2013	1.0
1009	2013	1.0
1006	2012	1.0
954	2009	1.0
1109	2009	1.0
1000	2012	1.0
928	2012	1.0
1356	2008	1.0
567	2011	1.0
837	2012	1.0
756	2010	1.0
252	2012	1.0
240	2013	1.0
684	2013	1.0
655	2011	1.0
603	2008	1.0
973	2009	1.0
253	2013	1.0
1195	2012	1.0
816	2009	1.0
235	2013	1.0
359	2012	1.0
993	2012	1.0
794	2013	1.0
892	2011	1.0
1170	2013	1.0
630	2013	1.0
878	1998	1.0
105	2013	1.0
1263	2011	1.0
745	2012	1.0
1081	2012	1.0
1182	2013	1.0
1346	2008	1.0
1230	2007	1.0
1242	2013	1.0
1281	2012	1.0
1152	2012	1.0
1330	1997	1.0
1350	2001	1.0
319	2012	1.0
673	2013	1.0
1169	2012	1.0
1092	2013	1.0
870	2005	1.0
318	2013	1.0
470	2012	1.0
991	2011	1.0
803	1999	1.0
810	2003	1.0
460	2013	1.0
607	2014	1.0
1268	2012	1.0
884	2014	1.0
970	2013	1.0
678	2014	1.0
285	2013	1.0
1040	2013	1.0
813	2014	1.0
713	2013	1.0
581	2013	1.0
1002	2013	1.0
1045	2014	1.0
850	2012	1.0
702	2009	1.0
807	2013	1.0
1328	2013	1.0
348	2014	1.0
537	2011	1.0
1331	2011	1.0
1017	2012	1.0
437	2014	1.0
610	2013	1.0
1385	2014	1.0
259	2010	1.0
376	2011	1.0
946	2012	1.0
1243	2004	1.0
988	2010	1.0
1027	2014	1.0
1192	2011	1.0
987	2011	1.0
564	2006	1.0
141	2012	1.0
1347	2014	1.0
458	2014	1.0
1212	2013	1.0
695	2014	1.0
979	2014	1.0
623	2014	1.0
668	2014	1.0
836	2012	1.0
532	1987	1.0
393	2012	1.0
1241	2011	1.0
931	2014	1.0
585	2004	1.0
720	2002	1.0
874	2012	1.0
942	2012	1.0
811	2014	1.0
1349	2006	1.0
858	2014	1.0
1082	2013	1.0
352	2014	1.0
61	2015	1.0
990	2010	1.0
1029	2012	1.0
921	2015	1.0
920	2011	1.0
830	2010	1.0
841	2006	1.0
334	2012	1.0
1371	2007	1.0
938	2012	1.0
539	2012	1.0
1165	2013	1.0
1285	2012	1.0
536	2015	1.0
859	2008	1.0
267	2015	1.0
827	2014	1.0
965	2009	1.0
1129	2007	1.0
1162	2011	1.0
206	2012	1.0
1143	2013	1.0
617	2010	1.0
1062	2015	1.0
423	2013	1.0
506	2014	1.0
774	2014	1.0
886	2014	1.0
1044	2015	1.0
926	2015	1.0
566	2015	1.0
533	2015	1.0
1307	2011	1.0
1252	2012	1.0
583	2011	1.0
842	2015	1.0
262	2014	1.0
1130	2014	1.0
1022	2014	1.0
950	2014	1.0
1220	2015	1.0
1065	2015	1.0
1187	2011	1.0
1341	2015	1.0
1326	2015	1.0
812	2012	1.0
1028	2016	1.0
862	2014	1.0
459	2012	1.0
1306	2013	1.0
438	2009	1.0
279	2016	1.0
1174	2016	1.0
1345	2015	1.0
1076	2016	1.0
940	2014	1.0
752	2013	1.0
1264	2015	1.0
889	2006	1.0
1291	2007	1.0
861	2013	1.0
1134	2012	1.0
676	2013	1.0
1104	2015	1.0
8249	1967	1.0
6318	1985	1.0
3937	2007	1.0
8049	2000	1.0
8766	2002	1.0
4613	1971	1.0
6611	1998	1.0
2806	1987	1.0
4700	2003	1.0
1642	1977	1.0
1657	1996	1.0
1856	2004	1.0
4979	1994	1.0
1477	1853	1.0
8832	2004	1.0
2416	1990	1.0
4257	1992	1.0
2215	1980	1.0
1580	1879	1.0
1457	1999	1.0
6644	2005	1.0
7354	1981	1.0
9180	1980	1.0
2041	2006	1.0
8776	1997	1.0
6823	2003	1.0
4289	1999	1.0
1801	1977	1.0
4101	1991	1.0
2015	1992	1.0
3585	1913	1.0
1949	1910	1.0
8591	1925	1.0
5567	1919	1.0
4014	1923	1.0
1436	2004	1.0
4139	1988	1.0
4057	2005	1.0
4460	1990	1.0
3562	1993	1.0
3755	1853	1.0
1664	1929	1.0
3580	1871	1.0
1873	2007	1.0
2939	1975	1.0
3963	1976	1.0
3642	1722	1.0
1454	1912	1.0
3519	1944	1.0
2571	1943	1.0
9623	1929	1.0
1435	1979	1.0
2063	1989	1.0
6604	2005	1.0
3237	1992	1.0
6299	2001	1.0
9478	1992	1.0
2092	2008	1.0
3796	2009	1.0
3274	1963	1.0
1916	1965	1.0
1549	2002	1.0
1783	1881	1.0
3818	1970	1.0
1984	1942	1.0
3215	2008	1.0
1488	1961	1.0
4802	2008	1.0
2630	2008	1.0
6383	1994	1.0
2994	2000	1.0
5615	1998	1.0
6261	1992	1.0
2468	1842	1.0
4068	1912	1.0
3508	1913	1.0
1520	1959	1.0
3590	1959	1.0
2027	1979	1.0
3428	2000	1.0
3472	1971	1.0
3628	2005	1.0
7309	1911	1.0
4515	1965	1.0
1752	1990	1.0
4473	2003	1.0
2051	1989	1.0
9036	2003	1.0
3143	1978	1.0
2353	1990	1.0
1572	1991	1.0
3082	1994	1.0
3396	1995	1.0
3660	1996	1.0
2883	1993	1.0
2633	1996	1.0
5928	2003	1.0
5052	1961	1.0
4520	2003	1.0
1491	2009	1.0
1669	2005	1.0
3348	1942	1.0
6039	1955	1.0
2485	1987	1.0
1974	1979	1.0
1695	1895	1.0
5999	1974	1.0
7970	1999	1.0
8817	1970	1.0
4092	2001	1.0
4288	2003	1.0
3108	1996	1.0
1640	2009	1.0
3207	2007	1.0
5179	2006	1.0
1964	2001	1.0
3278	1999	1.0
8523	1973	1.0
2763	-431	1.0
2544	1604	1.0
2745	1995	1.0
8949	1320	1.0
7622	1887	1.0
4758	1776	1.0
1586	1996	1.0
2236	1909	1.0
2366	8	1.0
4244	1890	1.0
2625	1997	1.0
1709	2005	1.0
8444	2009	1.0
2370	1993	1.0
3957	1985	1.0
6552	2007	1.0
1599	2011	1.0
4602	1984	1.0
3206	1988	1.0
6230	1996	1.0
3493	1988	1.0
7251	1985	1.0
6998	1963	1.0
5327	1949	1.0
2133	2011	1.0
4298	1936	1.0
2510	2010	1.0
2363	2007	1.0
6190	1837	1.0
8721	1977	1.0
4989	1984	1.0
2262	2001	1.0
8694	2008	1.0
6715	1977	1.0
2016	2009	1.0
7132	2011	1.0
5121	2003	1.0
5758	2006	1.0
1567	1992	1.0
4265	1994	1.0
5737	1999	1.0
2455	2009	1.0
9887	2007	1.0
3588	2004	1.0
7164	2011	1.0
1682	2011	1.0
2174	1992	1.0
1772	1941	1.0
2389	2004	1.0
2017	2009	1.0
4256	2007	1.0
6981	2009	1.0
4530	1998	1.0
4293	2002	1.0
5496	1986	1.0
2268	2003	1.0
4660	1993	1.0
5033	1934	1.0
1629	1970	1.0
4772	2006	1.0
3008	2009	1.0
2454	2007	1.0
6702	1986	1.0
3718	2008	1.0
4994	1989	1.0
1471	2010	1.0
8630	2010	1.0
3557	1981	1.0
9372	1983	1.0
4335	2009	1.0
3240	1990	1.0
1775	1975	1.0
3083	2009	1.0
2887	2007	1.0
2705	1991	1.0
3894	2001	1.0
8260	1989	1.0
9933	1997	1.0
4677	2004	1.0
1438	2000	1.0
2696	1960	1.0
1661	2010	1.0
3149	2005	1.0
2961	1993	1.0
6177	2009	1.0
2187	1924	1.0
4157	1996	1.0
1448	1995	1.0
1865	1984	1.0
6434	2011	1.0
1652	2007	1.0
3464	1956	1.0
4333	1895	1.0
1881	1974	1.0
7396	1948	1.0
4904	1991	1.0
1587	2010	1.0
4126	2010	1.0
5973	1994	1.0
1656	1973	1.0
1692	2004	1.0
3196	1993	1.0
1966	1999	1.0
1751	1994	1.0
5871	2008	1.0
2212	2010	1.0
3034	2000	1.0
5115	1922	1.0
5924	1992	1.0
9363	1986	1.0
3033	1979	1.0
1417	2008	1.0
8837	1956	1.0
2018	2012	1.0
2943	2011	1.0
1963	1990	1.0
4538	2010	1.0
8733	1903	1.0
5524	1997	1.0
3664	2007	1.0
5028	1982	1.0
6335	1988	1.0
1761	2011	1.0
8879	1985	1.0
2642	2001	1.0
6164	2002	1.0
2684	2000	1.0
5383	2001	1.0
7308	2007	1.0
7880	2007	1.0
4055	1992	1.0
5432	2009	1.0
5550	1964	1.0
1413	2011	1.0
5058	2009	1.0
2044	2007	1.0
1814	2011	1.0
6579	2005	1.0
9516	2003	1.0
5667	1997	1.0
5685	1989	1.0
1972	1993	1.0
4253	2002	1.0
9679	-500	1.0
3271	2008	1.0
2549	1998	1.0
3105	2008	1.0
7660	2005	1.0
9281	-458	1.0
2384	2011	1.0
1686	1995	1.0
3168	2010	1.0
4065	2005	1.0
4361	1985	1.0
5478	2004	1.0
3040	2012	1.0
4290	1923	1.0
6119	1895	1.0
6429	\N	1.0
7905	2012	1.0
4405	2010	1.0
4447	1966	1.0
4468	1990	1.0
2737	2003	1.0
2785	2009	1.0
4659	2012	1.0
5933	2003	1.0
3741	2011	1.0
7092	1988	1.0
1439	2012	1.0
1636	2008	1.0
2126	2008	1.0
7297	1959	1.0
4153	1996	1.0
2502	2012	1.0
8870	1967	1.0
8656	1998	1.0
9428	1981	1.0
3799	1820	1.0
3061	1940	1.0
3989	1998	1.0
2230	1965	1.0
2404	2012	1.0
4188	1994	1.0
3991	2004	1.0
3023	1889	1.0
2500	2011	1.0
6691	2011	1.0
1743	2013	1.0
3418	2001	1.0
5582	2004	1.0
5612	2000	1.0
6238	1996	1.0
1541	2011	1.0
3121	2011	1.0
8471	1893	1.0
4825	2010	1.0
6338	2007	1.0
2447	2011	1.0
5782	1985	1.0
8750	1996	1.0
4416	1996	1.0
6987	1996	1.0
7245	1974	1.0
8382	2002	1.0
3467	2012	1.0
2993	1948	1.0
4449	2012	1.0
2871	2011	1.0
1874	2013	1.0
3971	1978	1.0
5984	2012	1.0
6042	2000	1.0
5392	1991	1.0
7176	1796	1.0
4220	1997	1.0
4215	1986	1.0
2825	2000	1.0
2917	2006	1.0
3118	2013	1.0
6985	2000	1.0
3578	1990	1.0
6192	2004	1.0
1673	2013	1.0
3291	1990	1.0
1744	2000	1.0
7545	2014	1.0
6773	2013	1.0
5029	2001	1.0
7741	2001	1.0
7469	1991	1.0
8553	2011	1.0
2054	2005	1.0
1702	2012	1.0
8314	2014	1.0
2108	1914	1.0
1516	2007	1.0
5105	2014	1.0
7710	2004	1.0
7827	1986	1.0
2793	2013	1.0
4217	1972	1.0
1511	2014	1.0
4755	1983	1.0
4002	2014	1.0
3950	2007	1.0
4318	2013	1.0
2071	2012	1.0
1400	2014	1.0
1941	2013	1.0
3155	2014	1.0
3961	2014	1.0
1527	2014	1.0
6166	-750	1.0
6222	2011	1.0
2160	2012	1.0
7244	2013	1.0
8974	2011	1.0
4811	1988	1.0
6741	2006	1.0
4323	2014	1.0
9906	1999	1.0
2153	2012	1.0
2826	2013	1.0
5246	2014	1.0
5434	2003	1.0
4362	2012	1.0
4373	2014	1.0
9451	1992	1.0
6090	2012	1.0
4721	2008	1.0
4160	1997	1.0
9130	2014	1.0
7238	2000	1.0
7080	1976	1.0
5833	1963	1.0
9488	2014	1.0
3059	2006	1.0
1729	2015	1.0
5350	2015	1.0
6799	2015	1.0
8150	1999	1.0
6172	2008	1.0
8467	2013	1.0
4751	2013	1.0
2086	1996	1.0
2677	2001	1.0
7949	1946	1.0
5443	1976	1.0
1886	1996	1.0
3551	1992	1.0
1620	1977	1.0
3750	1997	1.0
7162	2000	1.0
6023	1989	1.0
2424	2006	1.0
3904	1939	1.0
5155	2003	1.0
9295	1994	1.0
3036	2003	1.0
1989	1999	1.0
6887	2000	1.0
2285	1986	1.0
2453	1985	1.0
3657	1974	1.0
2235	1936	1.0
4240	1941	1.0
7353	1603	1.0
3203	1998	1.0
6833	1984	1.0
8987	1987	1.0
1900	1993	1.0
3079	1935	1.0
3521	1996	1.0
1592	1996	1.0
2594	1992	1.0
1925	1989	1.0
7534	1992	1.0
1689	2007	1.0
4227	2007	1.0
7771	1998	1.0
3002	1913	1.0
2681	2007	1.0
3314	2003	1.0
1519	1995	1.0
1852	2007	1.0
4202	1998	1.0
4578	1992	1.0
4865	1927	1.0
1878	1898	1.0
5458	1886	1.0
3387	1961	1.0
9995	1924	1.0
2475	1959	1.0
2466	1922	1.0
5425	1940	1.0
3020	1915	1.0
2440	1988	1.0
4634	1943	1.0
4395	1992	1.0
4359	1920	1.0
1526	1871	1.0
1518	1962	1.0
3791	2002	1.0
2671	1990	1.0
5216	2006	1.0
1398	2006	1.0
4114	2004	1.0
2282	2009	1.0
4301	1954	1.0
2278	2002	1.0
3452	2001	1.0
3583	2001	1.0
1604	2007	1.0
1959	2009	1.0
1633	1995	1.0
3767	1995	1.0
3313	2008	1.0
6454	1988	1.0
2087	2000	1.0
4487	1962	1.0
3643	1974	1.0
2464	1960	1.0
3676	1900	1.0
2729	1924	1.0
4503	1749	1.0
2403	1924	1.0
6590	1990	1.0
3333	2004	1.0
9966	1999	1.0
2188	1993	1.0
3417	1999	1.0
3406	2003	1.0
3892	1992	1.0
6502	1938	1.0
2937	1993	1.0
3565	1947	1.0
1842	2002	1.0
7832	1915	1.0
4189	1992	1.0
3268	2007	1.0
1648	1942	1.0
2467	1957	1.0
2226	1995	1.0
5707	2004	1.0
1986	2006	1.0
1719	1983	1.0
1450	2008	1.0
2336	-400	1.0
6620	1994	1.0
6220	1997	1.0
5027	1999	1.0
3889	1993	1.0
4848	1970	1.0
2023	1986	1.0
2010	1960	1.0
3570	2006	1.0
5012	2008	1.0
1597	1989	1.0
2988	1930	1.0
2385	1988	1.0
4110	2005	1.0
2425	2004	1.0
3692	1987	1.0
2284	2006	1.0
9864	2001	1.0
2623	1992	1.0
3252	1876	1.0
8916	1590	1.0
2009	2006	1.0
1578	1987	1.0
1922	2005	1.0
4512	2007	1.0
3556	2001	1.0
4506	1986	1.0
1531	2003	1.0
5704	1937	1.0
8306	1970	1.0
3542	2001	1.0
1432	1848	1.0
4270	1945	1.0
2346	2009	1.0
3686	2009	1.0
1867	2008	1.0
5961	1934	1.0
4440	2003	1.0
8592	2001	1.0
2184	1999	1.0
8256	2007	1.0
5171	2003	1.0
8514	1993	1.0
1600	1999	1.0
4134	1999	1.0
7492	2005	1.0
2383	2003	1.0
4422	2006	1.0
5501	2010	1.0
6057	1981	1.0
8625	1971	1.0
5863	1975	1.0
4502	2009	1.0
5559	2010	1.0
9923	1996	1.0
4162	2008	1.0
4464	1968	1.0
4970	2011	1.0
2952	1860	1.0
6909	1921	1.0
6682	2010	1.0
1758	1993	1.0
2295	1995	1.0
4931	1931	1.0
2428	2010	1.0
3711	2010	1.0
1917	2009	1.0
4476	1969	1.0
5211	1999	1.0
3579	2006	1.0
7504	1942	1.0
8331	2005	1.0
9193	2007	1.0
7350	1978	1.0
4598	1964	1.0
4180	1982	1.0
2311	1938	1.0
5860	1980	1.0
3673	2009	1.0
5686	1991	1.0
4375	1971	1.0
5864	1942	1.0
2541	1960	1.0
5492	1960	1.0
1726	1997	1.0
1504	2006	1.0
5056	2003	1.0
1618	1993	1.0
6125	2004	1.0
4639	1999	1.0
2543	2010	1.0
2714	2011	1.0
2283	2010	1.0
1738	2009	1.0
1650	1906	1.0
6400	2000	1.0
9439	2005	1.0
2823	1993	1.0
5840	1908	1.0
4121	2002	1.0
2405	2006	1.0
4680	2003	1.0
7704	1996	1.0
6876	1938	1.0
2698	1972	1.0
1461	1894	1.0
5003	1975	1.0
4687	2000	1.0
1715	2004	1.0
3925	1988	1.0
4040	1998	1.0
4727	1781	1.0
5198	1984	1.0
2508	1973	1.0
3161	2012	1.0
6750	2009	1.0
3866	2008	1.0
3988	1976	1.0
3693	2011	1.0
4194	2000	1.0
7505	2003	1.0
6374	1999	1.0
4234	2005	1.0
2459	1961	1.0
5047	2002	1.0
2581	2010	1.0
6770	2006	1.0
3283	2010	1.0
4005	2004	1.0
6791	2004	1.0
3602	2010	1.0
5637	-500	1.0
2998	2010	1.0
3862	2010	1.0
3289	2003	1.0
7143	1981	1.0
2858	2009	1.0
1565	2012	1.0
3776	1962	1.0
2699	2011	1.0
2595	1973	1.0
2286	1774	1.0
3941	1995	1.0
6726	1999	1.0
2412	2012	1.0
2687	2010	1.0
4022	2008	1.0
4389	2008	1.0
6736	1952	1.0
1594	2004	1.0
8510	2005	1.0
6430	2004	1.0
1553	1995	1.0
3258	2000	1.0
3683	2010	1.0
6152	2011	1.0
8294	2006	1.0
9721	1998	1.0
4932	2008	1.0
4832	1930	1.0
4554	2006	1.0
4431	2006	1.0
4661	1994	1.0
6575	1943	1.0
2790	2008	1.0
5620	2012	1.0
5962	2008	1.0
7210	1884	1.0
7421	2012	1.0
2131	1862	1.0
2619	2007	1.0
2125	1964	1.0
4445	1966	1.0
4428	2011	1.0
1613	2007	1.0
9780	1930	1.0
5573	1998	1.0
3737	1996	1.0
7220	2011	1.0
1807	2011	1.0
6861	2010	1.0
2207	2012	1.0
2863	2000	1.0
4696	2009	1.0
5467	2011	1.0
5481	2002	1.0
7048	2008	1.0
2120	2010	1.0
2599	2013	1.0
6195	1927	1.0
2811	1988	1.0
9298	1941	1.0
3753	2005	1.0
6609	2010	1.0
6788	1890	1.0
3725	2010	1.0
4284	1900	1.0
6361	1996	1.0
6988	2007	1.0
3735	1982	1.0
2376	2000	1.0
4941	1986	1.0
2316	2013	1.0
7214	1997	1.0
3671	1988	1.0
5715	2007	1.0
3263	2011	1.0
3039	2014	1.0
2704	2010	1.0
7133	2014	1.0
4605	1940	1.0
5122	1973	1.0
7783	1958	1.0
6045	1939	1.0
2752	2014	1.0
5276	2014	1.0
5382	1904	1.0
2921	1965	1.0
2934	1956	1.0
3734	1995	1.0
2800	2013	1.0
3305	2010	1.0
7065	2009	1.0
1651	2014	1.0
2301	2009	1.0
5031	2014	1.0
2899	2014	1.0
1943	2013	1.0
2829	2014	1.0
5895	2011	1.0
2081	2014	1.0
1904	2015	1.0
2100	1986	1.0
1782	2013	1.0
3379	1834	1.0
6271	2012	1.0
2794	1960	1.0
1905	2011	1.0
2906	2014	1.0
5286	2013	1.0
3559	2014	1.0
3827	2002	1.0
1769	2013	1.0
2208	2013	1.0
1981	2010	1.0
4448	2012	1.0
1546	2010	1.0
7607	1933	1.0
5810	2004	1.0
2558	2014	1.0
2848	2015	1.0
3412	1997	1.0
6889	1990	1.0
2003	2015	1.0
5819	2014	1.0
3230	2002	1.0
1699	2015	1.0
5795	1980	1.0
3728	2004	1.0
5509	1930	1.0
6546	2008	1.0
7734	1932	1.0
8822	2014	1.0
4401	2008	1.0
2058	2013	1.0
7293	1996	1.0
5196	2016	1.0
8698	2016	1.0
6185	1998	1.0
3247	1996	1.0
2167	2016	1.0
8361	1979	1.0
2792	2015	1.0
2170	1998	1.0
5141	1982	1.0
2470	2006	1.0
2944	2000	1.0
2109	1988	1.0
2452	1989	1.0
1645	2007	1.0
3254	2004	1.0
9699	1989	1.0
6188	1999	1.0
6440	2002	1.0
4881	1997	1.0
4016	1970	1.0
4196	1943	1.0
6941	1988	1.0
6836	1993	1.0
6829	2002	1.0
4197	1993	1.0
3597	2003	1.0
1566	1911	1.0
2321	1989	1.0
4978	1989	1.0
1536	1996	1.0
2219	2001	1.0
1509	1905	1.0
3960	1998	1.0
1530	1978	1.0
2148	1999	1.0
2415	1979	1.0
1501	2003	1.0
1521	-441	1.0
2392	2002	1.0
4166	2004	1.0
3550	2007	1.0
9026	1993	1.0
5903	1981	1.0
4548	2000	1.0
3515	2008	1.0
4067	1988	1.0
5346	1988	1.0
2247	1997	1.0
3078	1980	1.0
1843	2005	1.0
9095	1982	1.0
3582	1990	1.0
1853	2004	1.0
1923	1994	1.0
1465	1967	1.0
1957	1948	1.0
1885	1599	1.0
5301	1872	1.0
6173	1835	1.0
1624	1938	1.0
3390	1935	1.0
4622	2003	1.0
4104	1872	1.0
2210	1974	1.0
4336	1962	1.0
8188	1959	1.0
2147	2008	1.0
2190	1948	1.0
8928	1999	1.0
1581	1959	1.0
3561	2005	1.0
5260	1968	1.0
1445	2001	1.0
6972	2002	1.0
1545	1928	1.0
5406	2006	1.0
2142	-762	1.0
4249	2006	1.0
2000	2007	1.0
2378	2007	1.0
3699	1893	1.0
3262	1955	1.0
4443	1953	1.0
3763	1925	1.0
1741	1937	1.0
2304	1920	1.0
7611	1937	1.0
6348	1986	1.0
4368	1986	1.0
2770	2005	1.0
3202	1987	1.0
5326	1981	1.0
5929	2006	1.0
1544	1999	1.0
3703	2000	1.0
1430	2005	1.0
6138	1930	1.0
3715	1839	1.0
2517	1963	1.0
8640	1935	1.0
1771	1848	1.0
1405	2009	1.0
2433	1995	1.0
3477	1998	1.0
1961	1982	1.0
3758	1983	1.0
6061	1948	1.0
9407	1984	1.0
3091	1965	1.0
7644	1978	1.0
1760	2010	1.0
4633	2006	1.0
7655	1985	1.0
9152	2003	1.0
2077	2007	1.0
1540	2007	1.0
1803	2007	1.0
1421	2005	1.0
3232	1933	1.0
1733	2002	1.0
1902	2009	1.0
1996	1883	1.0
5930	1991	1.0
3311	1995	1.0
3680	2003	1.0
2411	1971	1.0
1928	2005	1.0
7436	1995	1.0
1420	1960	1.0
3920	1986	1.0
3360	1977	1.0
2026	1868	1.0
1555	1896	1.0
1666	1592	1.0
3071	2000	1.0
5604	1998	1.0
3930	-350	1.0
4485	1943	1.0
6327	2007	1.0
2644	2001	1.0
1467	2008	1.0
1480	1983	1.0
3445	2007	1.0
1534	2005	1.0
4974	1904	1.0
1607	1996	1.0
2738	2000	1.0
7463	1999	1.0
1579	2010	1.0
7943	2000	1.0
7357	1944	1.0
4044	2002	1.0
2746	2005	1.0
2214	1997	1.0
7512	2002	1.0
1746	1995	1.0
6762	2000	1.0
5797	1998	1.0
6742	2001	1.0
3223	2004	1.0
6619	1998	1.0
1755	1985	1.0
3622	2010	1.0
3804	1980	1.0
7911	2004	1.0
2522	2006	1.0
2820	1998	1.0
2603	1997	1.0
8731	1999	1.0
3787	1995	1.0
7496	1962	1.0
3356	2007	1.0
4759	1997	1.0
5108	1999	1.0
2631	2006	1.0
2493	2007	1.0
2407	2008	1.0
6254	2010	1.0
5508	1927	1.0
3609	2003	1.0
1877	1918	1.0
5090	2008	1.0
3805	2010	1.0
4413	2007	1.0
2688	2011	1.0
1934	2008	1.0
6397	2003	1.0
5004	2002	1.0
2901	2004	1.0
1892	2004	1.0
1550	2010	1.0
4329	2010	1.0
8094	1998	1.0
4266	1983	1.0
8720	2011	1.0
3635	1991	1.0
3353	1969	1.0
1616	2000	1.0
3330	2006	1.0
2930	2008	1.0
3682	2011	1.0
1399	2005	1.0
1440	2009	1.0
4117	2004	1.0
2596	2010	1.0
5284	2010	1.0
8370	2008	1.0
2227	2009	1.0
2201	2009	1.0
4560	1957	1.0
2958	1979	1.0
2225	2007	1.0
8609	1833	1.0
9253	1971	1.0
2159	1998	1.0
5522	1998	1.0
3518	1982	1.0
2035	2010	1.0
4174	2000	1.0
4036	2010	1.0
7444	1807	1.0
4414	2008	1.0
9794	2002	1.0
6488	1996	1.0
1836	1993	1.0
3509	1984	1.0
4315	1964	1.0
2731	1998	1.0
6645	2006	1.0
3339	2010	1.0
5044	2006	1.0
2716	1988	1.0
2539	2001	1.0
2257	1962	1.0
5798	1987	1.0
5556	2005	1.0
3361	1998	1.0
3355	2011	1.0
3120	1968	1.0
2213	1988	1.0
2865	1963	1.0
2011	2008	1.0
3273	2003	1.0
4859	1984	1.0
6307	1984	1.0
2834	1962	1.0
6928	1944	1.0
6477	2003	1.0
4069	2003	1.0
4311	1999	1.0
6368	1998	1.0
7981	2002	1.0
7971	1974	1.0
5569	1902	1.0
2265	2010	1.0
7138	1997	1.0
7667	1992	1.0
3574	2010	1.0
2857	1975	1.0
2845	2011	1.0
3777	2012	1.0
4147	2011	1.0
4076	2009	1.0
4052	1984	1.0
4064	1999	1.0
5345	2010	1.0
1696	2006	1.0
3176	2007	1.0
4446	2009	1.0
6558	1980	1.0
5297	2003	1.0
2350	2012	1.0
4996	1927	1.0
2073	1982	1.0
4353	1988	1.0
3964	1939	1.0
3795	1943	1.0
2069	2006	1.0
7808	1951	1.0
2547	2001	1.0
2519	1998	1.0
3801	2011	1.0
6298	1974	1.0
8632	2007	1.0
5733	1992	1.0
3945	1996	1.0
2900	2008	1.0
1797	1966	1.0
1653	2007	1.0
4391	2005	1.0
2114	2008	1.0
6131	1959	1.0
8998	1995	1.0
4845	2007	1.0
2129	1998	1.0
3125	1993	1.0
5486	2004	1.0
4555	1975	1.0
2733	2007	1.0
9187	2008	1.0
1452	2005	1.0
2968	2002	1.0
5395	2005	1.0
4012	2007	1.0
4275	1967	1.0
1693	1982	1.0
5510	1984	1.0
5009	1859	1.0
4125	2008	1.0
1474	2013	1.0
3397	1955	1.0
3512	2011	1.0
9930	2013	1.0
6223	1954	1.0
4528	1979	1.0
3193	2013	1.0
8573	2012	1.0
8935	2011	1.0
9384	2008	1.0
7089	1959	1.0
6088	2013	1.0
5083	2006	1.0
3982	2005	1.0
2497	1995	1.0
3366	2006	1.0
3280	2003	1.0
3482	1926	1.0
5160	1991	1.0
7118	1983	1.0
4768	1979	1.0
1396	1984	1.0
6186	1989	1.0
4651	2013	1.0
6749	2009	1.0
5854	2013	1.0
2525	2012	1.0
2669	1998	1.0
3208	1999	1.0
1876	2011	1.0
2822	2006	1.0
1731	2010	1.0
7909	1965	1.0
6891	1989	1.0
2238	2000	1.0
5705	2001	1.0
8009	1985	1.0
4729	1976	1.0
6485	2008	1.0
7696	1927	1.0
6631	2011	1.0
8359	2009	1.0
1844	2004	1.0
6184	1984	1.0
4571	2004	1.0
5951	2008	1.0
4776	2009	1.0
3084	2004	1.0
1646	2000	1.0
7282	1984	1.0
1595	1994	1.0
7153	2010	1.0
8512	1982	1.0
3529	1955	1.0
1909	2007	1.0
7440	1959	1.0
4258	2003	1.0
6781	2004	1.0
8400	1993	1.0
4182	1993	1.0
5747	1936	1.0
8921	1997	1.0
4977	2011	1.0
6022	1820	1.0
4313	2014	1.0
8254	2011	1.0
6191	2008	1.0
4015	1925	1.0
2313	2014	1.0
8709	2013	1.0
5032	2009	1.0
6504	2014	1.0
2151	2012	1.0
2941	2014	1.0
1577	2014	1.0
1502	2012	1.0
5476	2014	1.0
3573	1986	1.0
4312	2013	1.0
2748	2013	1.0
2483	2013	1.0
3297	2013	1.0
4324	2013	1.0
5172	2013	1.0
2356	2013	1.0
3891	2007	1.0
3011	2000	1.0
2112	2015	1.0
4629	2012	1.0
6733	2005	1.0
2533	2014	1.0
4306	2014	1.0
2664	2012	1.0
4489	2015	1.0
4382	2015	1.0
7779	1987	1.0
4545	2012	1.0
7728	1975	1.0
2629	2014	1.0
6467	1982	1.0
5488	2014	1.0
4074	2014	1.0
3329	2015	1.0
4873	2015	1.0
4365	2012	1.0
3555	2008	1.0
2747	1985	1.0
5938	2014	1.0
1522	2009	1.0
5650	2015	1.0
1740	2015	1.0
6844	1989	1.0
6659	2016	1.0
6364	2000	1.0
2489	1991	1.0
2469	1992	1.0
5763	1981	1.0
5657	2002	1.0
4031	1997	1.0
3133	1997	1.0
2646	1986	1.0
3978	1983	1.0
2817	1985	1.0
9675	2001	1.0
9143	2004	1.0
2673	1998	1.0
8388	1990	1.0
7274	1991	1.0
6920	1992	1.0
7254	1994	1.0
1466	1958	1.0
6291	1934	1.0
5564	1999	1.0
5920	2007	1.0
2371	2006	1.0
3835	2007	1.0
2846	1854	1.0
2279	1991	1.0
1449	1995	1.0
1759	2000	1.0
2461	2007	1.0
5385	2002	1.0
7817	2004	1.0
4914	1992	1.0
2808	1988	1.0
2654	1990	1.0
1679	1855	1.0
1993	1998	1.0
3811	1997	1.0
2586	1991	1.0
2309	2007	1.0
3286	1996	1.0
5243	2002	1.0
1918	1982	1.0
4342	1995	1.0
4842	1997	1.0
3184	2008	1.0
2013	2005	1.0
1944	2005	1.0
6917	2006	1.0
1401	1992	1.0
2875	1915	1.0
4427	1992	1.0
4509	2004	1.0
4606	1994	1.0
5774	2006	1.0
7277	1975	1.0
3552	1651	1.0
7737	1907	1.0
2897	2005	1.0
3966	2005	1.0
3321	1962	1.0
4939	1946	1.0
4561	1995	1.0
1714	1991	1.0
5527	1937	1.0
1500	1982	1.0
2028	2004	1.0
1514	1999	1.0
5007	2005	1.0
5282	2007	1.0
5463	1974	1.0
1845	1996	1.0
1739	1987	1.0
1547	2004	1.0
5436	2003	1.0
2773	2008	1.0
2381	2008	1.0
8290	2003	1.0
1402	1992	1.0
1476	2003	1.0
1655	2006	1.0
1847	1977	1.0
3007	2007	1.0
2032	1985	1.0
4348	1924	1.0
3090	1966	1.0
5446	1958	1.0
5330	1979	1.0
9972	1999	1.0
8781	1993	1.0
9748	1991	1.0
3979	2004	1.0
8189	1973	1.0
4091	1961	1.0
2480	2003	1.0
2942	1966	1.0
3086	1990	1.0
3395	1996	1.0
1487	1991	1.0
4062	1970	1.0
3533	1982	1.0
2637	1962	1.0
3101	1845	1.0
1779	2001	1.0
1735	2005	1.0
4236	1983	1.0
7951	1947	1.0
1407	2003	1.0
2066	1981	1.0
9533	1995	1.0
4836	2004	1.0
2031	1998	1.0
4127	1999	1.0
4797	2004	1.0
3443	2002	1.0
3085	1930	1.0
9265	1995	1.0
2724	1946	1.0
3650	1996	1.0
5627	1976	1.0
6375	1990	1.0
2002	1886	1.0
2380	1955	1.0
4695	1637	1.0
8647	1943	1.0
7292	2003	1.0
1552	1974	1.0
3638	1980	1.0
4793	2000	1.0
1434	1826	1.0
2735	2006	1.0
3912	2008	1.0
3175	2008	1.0
5176	1987	1.0
2138	2009	1.0
5051	1999	1.0
7836	1901	1.0
7459	1894	1.0
8677	1991	1.0
6963	1992	1.0
3774	1972	1.0
1891	2009	1.0
3720	1787	1.0
6787	1938	1.0
4671	1994	1.0
2359	2010	1.0
4972	1997	1.0
2462	2007	1.0
1690	2011	1.0
5512	1998	1.0
7041	1999	1.0
3158	2002	1.0
6923	2000	1.0
6763	2007	1.0
5340	1997	1.0
3035	2006	1.0
3066	2002	1.0
5781	2005	1.0
6146	1995	1.0
2373	2001	1.0
2393	2001	1.0
3468	1995	1.0
6480	1982	1.0
6326	1931	1.0
7563	1981	1.0
1479	2004	1.0
2448	2008	1.0
5949	1996	1.0
3065	1985	1.0
8286	1984	1.0
1683	1989	1.0
4242	1941	1.0
3402	1923	1.0
3910	2006	1.0
9403	1982	1.0
1672	2003	1.0
5192	1953	1.0
6801	2010	1.0
1767	2010	1.0
7284	2008	1.0
2711	2007	1.0
1850	2008	1.0
7730	2010	1.0
7052	1999	1.0
2085	2009	1.0
3031	2011	1.0
3450	2009	1.0
6860	1967	1.0
3303	1984	1.0
1670	2005	1.0
2989	1997	1.0
7797	1991	1.0
2476	2008	1.0
3014	2002	1.0
9803	1984	1.0
7285	2008	1.0
3757	2009	1.0
9059	2007	1.0
2592	1980	1.0
2057	2011	1.0
4262	1910	1.0
6130	1972	1.0
1851	2010	1.0
1523	2011	1.0
1906	2010	1.0
1575	2008	1.0
1637	2011	1.0
4822	1991	1.0
5754	1998	1.0
6523	1987	1.0
5163	1969	1.0
1855	2013	1.0
4619	2003	1.0
8316	1923	1.0
4583	2011	1.0
7428	1689	1.0
7753	2008	1.0
9822	1975	1.0
4947	2007	1.0
2472	2003	1.0
4791	2004	1.0
5490	2003	1.0
2512	1970	1.0
3762	1961	1.0
8329	2000	1.0
3548	1956	1.0
7001	2009	1.0
9637	2008	1.0
2334	2011	1.0
3317	1996	1.0
2496	2011	1.0
4155	2010	1.0
1710	2010	1.0
3769	2002	1.0
6938	1995	1.0
7295	2005	1.0
4886	1953	1.0
1939	1998	1.0
2451	2001	1.0
4810	1948	1.0
1833	1998	1.0
2322	2011	1.0
9217	1997	1.0
4685	2012	1.0
6242	1984	1.0
2730	1988	1.0
9081	2002	1.0
7392	1843	1.0
2289	1978	1.0
3302	1999	1.0
5386	1912	1.0
1818	2008	1.0
2662	2007	1.0
1813	2011	1.0
4231	1988	1.0
3029	1980	1.0
1716	2012	1.0
2957	1955	1.0
5229	1945	1.0
3939	1962	1.0
8115	1977	1.0
7575	1936	1.0
8688	1961	1.0
2019	2008	1.0
4385	2009	1.0
3216	2009	1.0
1869	1990	1.0
9559	2000	1.0
7015	2008	1.0
4490	2011	1.0
8338	2008	1.0
4730	2004	1.0
2341	1997	1.0
5082	2008	1.0
5101	1998	1.0
3021	2006	1.0
3994	1978	1.0
3037	1843	1.0
2520	2009	1.0
2391	2008	1.0
8312	1947	1.0
3352	1999	1.0
6169	2006	1.0
4019	1993	1.0
9367	2012	1.0
1665	2009	1.0
3444	1996	1.0
3820	1926	1.0
6139	1972	1.0
1455	2012	1.0
1585	2011	1.0
3198	1994	1.0
4025	2002	1.0
9540	1919	1.0
3530	1989	1.0
7021	1985	1.0
3057	2012	1.0
2973	1968	1.0
5035	2004	1.0
4893	2000	1.0
9990	1989	1.0
7409	1920	1.0
4712	1997	1.0
7074	1597	1.0
2056	2004	1.0
2564	2005	1.0
9408	1986	1.0
5935	2006	1.0
3471	2008	1.0
3358	1986	1.0
2276	2012	1.0
4692	2008	1.0
3457	1857	1.0
1687	1977	1.0
2417	2012	1.0
2915	2014	1.0
9955	2013	1.0
2130	2010	1.0
4483	1996	1.0
3298	2000	1.0
7290	1951	1.0
6037	2013	1.0
4744	1964	1.0
2329	1981	1.0
2570	2013	1.0
7151	1964	1.0
8056	2009	1.0
4763	1998	1.0
7355	2013	1.0
8473	2013	1.0
6105	2012	1.0
5641	2013	1.0
3267	2013	1.0
5011	2014	1.0
2280	2003	1.0
3415	1982	1.0
2739	2014	1.0
9948	2005	1.0
2818	2014	1.0
3222	2009	1.0
5992	1970	1.0
2111	1989	1.0
6830	2011	1.0
2692	2014	1.0
4910	2011	1.0
2700	2013	1.0
6089	1979	1.0
4115	2014	1.0
6161	2014	1.0
5691	2002	1.0
5807	2014	1.0
3576	2013	1.0
2106	2013	1.0
9046	2013	1.0
4841	2013	1.0
5918	2006	1.0
3446	2011	1.0
8528	2009	1.0
1723	2014	1.0
3324	2014	1.0
6818	2008	1.0
2838	2014	1.0
2653	2014	1.0
1899	2012	1.0
3460	1906	1.0
1505	2012	1.0
5825	1999	1.0
8102	2016	1.0
1808	2016	1.0
1688	2016	1.0
4418	2002	1.0
3236	2013	1.0
2538	2013	1.0
1834	2011	1.0
1988	2013	1.0
2652	2015	1.0
1786	2016	1.0
7787	1992	1.0
2037	2016	1.0
2978	2012	1.0
2840	2016	1.0
4711	2005	1.0
2272	2005	1.0
5378	1947	1.0
4983	1948	1.0
1668	2015	1.0
1924	1991	1.0
2718	1999	1.0
3000	1997	1.0
2658	1990	1.0
5188	1977	1.0
4369	2004	1.0
1980	1951	1.0
1641	1962	1.0
2624	1988	1.0
2196	1982	1.0
5055	1970	1.0
5329	1990	1.0
5764	2001	1.0
2881	2007	1.0
3858	1994	1.0
2399	2003	1.0
5923	2003	1.0
5469	2002	1.0
6581	1993	1.0
1593	1982	1.0
4993	1994	1.0
5357	1997	1.0
6601	1989	1.0
3919	2007	1.0
9471	1993	1.0
1718	2003	1.0
8168	1981	1.0
7110	2000	1.0
1937	1938	1.0
2540	2006	1.0
2020	1998	1.0
4683	2003	1.0
2136	2004	1.0
6319	1973	1.0
7123	1981	1.0
1498	1999	1.0
1795	1982	1.0
4524	1989	1.0
2387	1994	1.0
5982	1989	1.0
4542	1990	1.0
2589	2000	1.0
1606	2004	1.0
1811	2002	1.0
2025	1976	1.0
3027	1971	1.0
1644	2001	1.0
2750	1947	1.0
4698	1921	1.0
6995	2004	1.0
2192	1999	1.0
2577	2007	1.0
2727	1975	1.0
1571	1959	1.0
5358	1954	1.0
1956	1941	1.0
2012	1996	1.0
4095	1980	1.0
1431	1986	1.0
3210	1928	1.0
3077	1798	1.0
1598	1930	1.0
1707	1964	1.0
3560	2004	1.0
2053	1946	1.0
2209	1623	1.0
5456	1991	1.0
6768	1910	1.0
2679	2002	1.0
3322	2003	1.0
3790	1995	1.0
4650	1975	1.0
4534	1977	1.0
3070	2005	1.0
2277	2006	1.0
1871	1989	1.0
6729	1976	1.0
1757	1996	1.0
1749	2004	1.0
4549	2008	1.0
3729	2008	1.0
1649	1998	1.0
2710	2004	1.0
3388	1936	1.0
3878	1932	1.0
2024	1956	1.0
8455	1981	1.0
6675	1972	1.0
3068	1976	1.0
5206	2000	1.0
1785	1892	1.0
2079	1997	1.0
1954	1959	1.0
2029	2007	1.0
6932	1979	1.0
1622	1889	1.0
3973	1970	1.0
3131	1963	1.0
6521	1951	1.0
2691	2007	1.0
5290	1999	1.0
3934	1789	1.0
3613	1972	1.0
7416	1767	1.0
7271	2007	1.0
3593	2007	1.0
2809	1966	1.0
2050	2008	1.0
1805	2009	1.0
8764	2008	1.0
2039	1948	1.0
4920	2008	1.0
2607	2008	1.0
1734	1959	1.0
8366	1991	1.0
1493	1956	1.0
4938	1987	1.0
1406	2009	1.0
3876	2000	1.0
8216	1996	1.0
7662	1975	1.0
2374	1971	1.0
8128	1998	1.0
8806	1995	1.0
5948	1998	1.0
4630	2003	1.0
2439	1980	1.0
5695	1977	1.0
6951	1978	1.0
2365	1846	1.0
2150	1991	1.0
6607	1915	1.0
4317	2003	1.0
6156	1927	1.0
4444	1940	1.0
5648	1994	1.0
4527	1997	1.0
2288	2001	1.0
1978	1995	1.0
7848	2005	1.0
3177	1996	1.0
4937	1967	1.0
4999	1664	1.0
2651	1996	1.0
8986	2008	1.0
6321	2008	1.0
3513	1998	1.0
4357	1997	1.0
9362	2009	1.0
4387	2000	1.0
3833	1912	1.0
5036	2010	1.0
6154	1963	1.0
2228	1961	1.0
2608	1986	1.0
2082	609	1.0
4582	1878	1.0
4815	1974	1.0
2841	2010	1.0
5907	1865	1.0
7127	2006	1.0
2055	2007	1.0
5129	2007	1.0
3394	2008	1.0
6325	2006	1.0
5818	2007	1.0
2135	2007	1.0
6519	1996	1.0
8830	1982	1.0
2245	2004	1.0
5829	2007	1.0
4452	1999	1.0
3163	2007	1.0
2666	1996	1.0
9068	1996	1.0
1872	1999	1.0
1838	2010	1.0
8008	2003	1.0
5936	2003	1.0
1424	1998	1.0
5836	2002	1.0
4986	2008	1.0
5157	1989	1.0
8724	2008	1.0
2518	2005	1.0
4642	1982	1.0
3374	2004	1.0
3338	2005	1.0
1882	2007	1.0
5766	2008	1.0
7907	1978	1.0
5634	2010	1.0
7833	1909	1.0
2400	2005	1.0
2368	1999	1.0
8066	2004	1.0
5354	1934	1.0
3626	2008	1.0
3411	2010	1.0
3639	1956	1.0
4956	2007	1.0
2260	1978	1.0
3486	2010	1.0
1459	2004	1.0
6761	1996	1.0
5362	2009	1.0
3922	2000	1.0
9383	1986	1.0
1456	2008	1.0
4351	2002	1.0
2598	2010	1.0
6826	2010	1.0
5574	2010	1.0
2319	2009	1.0
8968	2010	1.0
4796	1971	1.0
3049	1968	1.0
2991	2003	1.0
2094	2011	1.0
2075	2002	1.0
9171	2002	1.0
5411	1998	1.0
4084	2001	1.0
2091	2003	1.0
2536	1982	1.0
8270	2010	1.0
2924	2006	1.0
5716	1963	1.0
6442	1965	1.0
1907	1883	1.0
4709	1965	1.0
7891	1993	1.0
2127	2000	1.0
1823	1958	1.0
3539	1958	1.0
3346	1866	1.0
8295	1988	1.0
4252	1996	1.0
3153	1989	1.0
3887	1992	1.0
4789	2007	1.0
1792	2006	1.0
5625	2008	1.0
7257	2001	1.0
4137	2008	1.0
2503	2009	1.0
2506	1953	1.0
2597	1989	1.0
1462	2012	1.0
1977	2006	1.0
4719	1974	1.0
3761	2001	1.0
2815	2007	1.0
3654	2009	1.0
4261	1982	1.0
5225	1983	1.0
3857	1976	1.0
6869	1974	1.0
2421	2007	1.0
5048	2003	1.0
5372	2001	1.0
2484	2009	1.0
2157	1892	1.0
5518	1987	1.0
4078	1989	1.0
1820	2009	1.0
2305	2012	1.0
2760	2000	1.0
1969	2004	1.0
4850	1990	1.0
6384	2005	1.0
2488	2008	1.0
5095	1997	1.0
5755	2002	1.0
4678	1998	1.0
4332	-411	1.0
1463	1984	1.0
4308	2005	1.0
2102	2009	1.0
4219	1853	1.0
9793	1950	1.0
1927	1974	1.0
6248	2010	1.0
2975	2002	1.0
2419	1994	1.0
4906	1978	1.0
3407	2002	1.0
2893	2011	1.0
4003	1880	1.0
7012	1958	1.0
6612	2004	1.0
8047	1968	1.0
5580	1989	1.0
7045	1991	1.0
1940	1984	1.0
3995	1996	1.0
8853	1996	1.0
9388	1994	1.0
5851	2008	1.0
3708	1988	1.0
6282	2011	1.0
2449	2010	1.0
6980	1987	1.0
8590	2010	1.0
2709	1830	1.0
7838	1893	1.0
1609	2010	1.0
8503	1901	1.0
3139	1840	1.0
1722	2003	1.0
8652	2000	1.0
2926	1979	1.0
1628	2011	1.0
9333	1976	1.0
6140	2012	1.0
3096	1985	1.0
3492	1991	1.0
5783	1962	1.0
2088	2013	1.0
2874	1996	1.0
8245	1962	1.0
2775	2013	1.0
8802	2005	1.0
2255	1995	1.0
8039	1989	1.0
9707	1995	1.0
2006	2013	1.0
2728	2013	1.0
8073	2009	1.0
3087	2013	1.0
1770	2013	1.0
6602	1978	1.0
3046	1977	1.0
8976	1982	1.0
7884	2008	1.0
1659	1951	1.0
9232	1988	1.0
4806	2006	1.0
4891	1986	1.0
3174	2001	1.0
2828	2009	1.0
6901	2008	1.0
3716	2008	1.0
5205	2009	1.0
9199	2005	1.0
1470	2012	1.0
7234	1964	1.0
2463	2012	1.0
4631	2013	1.0
7231	1844	1.0
3308	2002	1.0
3347	2013	1.0
6783	2010	1.0
7460	2010	1.0
5261	2007	1.0
5750	1999	1.0
3429	2014	1.0
5853	1832	1.0
4493	2005	1.0
2837	2009	1.0
3815	2011	1.0
8475	1995	1.0
2627	2008	1.0
5709	2013	1.0
2914	2006	1.0
1410	1926	1.0
3879	2013	1.0
9129	2001	1.0
8258	2014	1.0
5184	2014	1.0
3498	2006	1.0
1965	2014	1.0
1967	180	1.0
8404	1979	1.0
7142	1984	1.0
3951	1937	1.0
5979	2013	1.0
6953	2014	1.0
3839	2007	1.0
6240	1996	1.0
5323	2002	1.0
3514	2010	1.0
2141	2012	1.0
2659	2011	1.0
3107	2012	1.0
1412	2008	1.0
3145	2013	1.0
5197	2013	1.0
6103	2013	1.0
6503	2003	1.0
9924	2006	1.0
1468	2004	1.0
2104	2014	1.0
8827	2014	1.0
1766	2012	1.0
5220	2002	1.0
2396	2011	1.0
1830	2009	1.0
4465	1987	1.0
8594	2011	1.0
2169	2014	1.0
6107	2016	1.0
1539	2016	1.0
8624	2009	1.0
6616	2013	1.0
4378	2013	1.0
9205	2011	1.0
4034	1973	1.0
7904	1984	1.0
2501	1994	1.0
2043	1993	1.0
6144	1995	1.0
3362	1998	1.0
1987	1985	1.0
2552	1952	1.0
1914	1954	1.0
2755	1972	1.0
6606	1998	1.0
2498	2002	1.0
1908	1985	1.0
5337	2005	1.0
2233	2006	1.0
2089	1981	1.0
5099	2001	1.0
1460	2000	1.0
4079	1990	1.0
3500	1989	1.0
1812	1982	1.0
2269	1982	1.0
4027	2001	1.0
2186	1980	1.0
6018	1992	1.0
4577	2007	1.0
3160	2005	1.0
2561	1988	1.0
4965	1971	1.0
2573	2001	1.0
8068	1977	1.0
2352	1996	1.0
1423	1995	1.0
1589	2002	1.0
4131	1998	1.0
3918	1998	1.0
1535	2006	1.0
5343	1972	1.0
6113	1968	1.0
3182	1985	1.0
5441	2006	1.0
5480	2005	1.0
6505	1926	1.0
2524	2004	1.0
1999	1934	1.0
2367	1994	1.0
4645	1874	1.0
1569	1905	1.0
3907	1922	1.0
1584	1966	1.0
2578	1993	1.0
6385	1842	1.0
5500	1980	1.0
2786	1972	1.0
3739	1986	1.0
2197	1895	1.0
3127	1957	1.0
1887	1897	1.0
1631	1890	1.0
2097	1919	1.0
2095	1961	1.0
2252	1999	1.0
5237	1972	1.0
2643	1945	1.0
2302	1991	1.0
2568	2007	1.0
3047	1965	1.0
4187	1977	1.0
3128	1989	1.0
5089	1948	1.0
9172	1997	1.0
5932	1997	1.0
4672	1932	1.0
3400	1951	1.0
6334	1958	1.0
1605	1819	1.0
8519	1978	1.0
2869	1981	1.0
2339	1955	1.0
2854	1950	1.0
2967	2002	1.0
3264	1981	1.0
4508	2001	1.0
4251	2002	1.0
4192	2001	1.0
4584	1947	1.0
2534	1996	1.0
7002	2008	1.0
1626	2009	1.0
1896	1912	1.0
8980	2008	1.0
1745	2009	1.0
2798	1934	1.0
2478	1977	1.0
4592	1851	1.0
3364	1938	1.0
8735	1974	1.0
5693	2008	1.0
4435	1353	1.0
3794	1978	1.0
7630	1956	1.0
5827	1953	1.0
8449	2009	1.0
2084	2008	1.0
2351	1992	1.0
4183	1887	1.0
5189	1885	1.0
3543	1995	1.0
8930	2001	1.0
3479	1999	1.0
5283	1949	1.0
8675	1993	1.0
2950	1974	1.0
1485	1987	1.0
2802	2006	1.0
5324	2004	1.0
1889	2009	1.0
2657	1999	1.0
3803	1989	1.0
6696	2000	1.0
2732	1516	1.0
3505	1956	1.0
5175	2003	1.0
3414	1976	1.0
1863	1988	1.0
4399	1925	1.0
2342	1886	1.0
4071	1930	1.0
1960	1978	1.0
6916	1951	1.0
2787	1975	1.0
4412	2010	1.0
9158	2000	1.0
5558	1993	1.0
7633	2006	1.0
3162	2007	1.0
7996	2004	1.0
7976	2002	1.0
1617	2002	1.0
7761	1995	1.0
7289	2008	1.0
5639	2000	1.0
9155	1999	1.0
6148	2006	1.0
5642	2009	1.0
1515	2006	1.0
1848	2009	1.0
8829	1996	1.0
6564	2010	1.0
2566	1995	1.0
8196	2005	1.0
8397	2003	1.0
8051	2000	1.0
4370	2007	1.0
7950	2008	1.0
4885	2007	1.0
3367	1997	1.0
3218	2009	1.0
4112	1963	1.0
6404	1982	1.0
5152	1930	1.0
4535	1935	1.0
3318	2010	1.0
7342	2011	1.0
1441	2006	1.0
2523	1960	1.0
9509	1998	1.0
3100	1973	1.0
3304	1978	1.0
3439	2004	1.0
2306	2005	1.0
5006	2005	1.0
9011	2010	1.0
4649	1996	1.0
3662	1940	1.0
3936	1983	1.0
1875	1998	1.0
2992	1971	1.0
6350	2007	1.0
4177	1983	1.0
2343	1995	1.0
6796	2008	1.0
2715	2010	1.0
2264	2011	1.0
5539	2009	1.0
2115	1999	1.0
3024	1968	1.0
3124	1944	1.0
3025	2007	1.0
6102	1939	1.0
7631	2002	1.0
4871	1995	1.0
6267	2001	1.0
5748	2000	1.0
1884	2005	1.0
5119	2007	1.0
2479	1978	1.0
5991	1981	1.0
5151	2004	1.0
8577	2011	1.0
9988	1971	1.0
4691	1942	1.0
9984	1978	1.0
3063	1973	1.0
8167	1979	1.0
2661	2008	1.0
6066	1997	1.0
3038	2010	1.0
3547	2006	1.0
4722	1991	1.0
8343	1979	1.0
8416	1932	1.0
9189	2003	1.0
9885	2011	1.0
7879	1995	1.0
7304	2003	1.0
7895	2001	1.0
5311	1990	1.0
4345	2002	1.0
2925	2009	1.0
3946	2009	1.0
4099	2005	1.0
1913	1997	1.0
8348	2010	1.0
3751	2001	1.0
1703	1992	1.0
7480	2010	1.0
6967	2006	1.0
5060	2011	1.0
8923	1933	1.0
2882	2010	1.0
8469	1984	1.0
3640	1987	1.0
4924	1997	1.0
3088	1855	1.0
6043	1990	1.0
9819	1840	1.0
5292	2006	1.0
4129	2006	1.0
7466	2005	1.0
1414	2003	1.0
3098	2005	1.0
4048	2012	1.0
2096	1982	1.0
7677	1980	1.0
6626	2008	1.0
4218	2008	1.0
3604	1999	1.0
2090	1994	1.0
2605	2000	1.0
7263	1967	1.0
2117	2009	1.0
1404	2011	1.0
3572	2004	1.0
4944	1997	1.0
5088	1908	1.0
1610	2012	1.0
6417	1600	1.0
4746	1848	1.0
6128	1971	1.0
1991	1987	1.0
9965	2007	1.0
6758	1984	1.0
2119	2001	1.0
5688	2012	1.0
2852	1999	1.0
2203	1972	1.0
7098	1979	1.0
3806	1992	1.0
1849	2013	1.0
3783	2011	1.0
4268	2003	1.0
7978	2010	1.0
7809	2005	1.0
2639	2008	1.0
8140	1958	1.0
8729	1985	1.0
5103	2013	1.0
6718	2006	1.0
2889	2009	1.0
6654	1998	1.0
5562	2012	1.0
9834	2001	1.0
5703	2007	1.0
2606	2013	1.0
5823	1986	1.0
3752	1924	1.0
3798	2012	1.0
2101	1999	1.0
4070	1971	1.0
6121	2004	1.0
5348	2011	1.0
3148	2001	1.0
4575	2002	1.0
8011	1748	1.0
1700	2013	1.0
5247	1999	1.0
2413	2004	1.0
9766	1776	1.0
5149	2011	1.0
7137	1999	1.0
8716	1986	1.0
9240	2005	1.0
8185	2002	1.0
8317	1995	1.0
2281	2013	1.0
1920	2013	1.0
2933	2008	1.0
5890	2006	1.0
1835	2000	1.0
9711	1986	1.0
4118	2002	1.0
5026	2009	1.0
8777	2007	1.0
9274	2013	1.0
2995	2007	1.0
7675	2010	1.0
2330	2012	1.0
5719	2013	1.0
4525	1983	1.0
6064	1997	1.0
3136	1996	1.0
3766	2011	1.0
4863	1992	1.0
7826	1942	1.0
2962	2013	1.0
1437	2010	1.0
3243	1955	1.0
3618	2008	1.0
5258	2004	1.0
4119	2005	1.0
2234	2014	1.0
6865	1996	1.0
8360	1947	1.0
8900	2014	1.0
3586	2006	1.0
8037	1666	1.0
3475	2009	1.0
3419	1861	1.0
8100	2011	1.0
3558	2010	1.0
8842	2004	1.0
1512	1853	1.0
3135	2013	1.0
2204	2013	1.0
1995	2000	1.0
3773	1983	1.0
8759	2013	1.0
2145	1998	1.0
9850	2009	1.0
2650	1999	1.0
6948	2013	1.0
7185	2015	1.0
6515	2013	1.0
1893	2013	1.0
3633	2013	1.0
2576	2013	1.0
9105	2013	1.0
3516	2008	1.0
1776	2011	1.0
5371	2011	1.0
7247	2007	1.0
9633	2014	1.0
4216	2012	1.0
1674	2011	1.0
3299	2012	1.0
8565	1904	1.0
4229	\N	1.0
4864	2010	1.0
8474	1991	1.0
8349	1995	1.0
6907	2011	1.0
6870	2006	1.0
2008	2013	1.0
3523	1953	1.0
6688	2000	1.0
4077	2011	1.0
3621	2007	1.0
1482	2014	1.0
4467	2012	1.0
8311	2016	1.0
7022	2000	1.0
6309	2014	1.0
1513	2010	1.0
1473	2008	1.0
5870	1914	1.0
4120	1986	1.0
1768	1988	1.0
2554	2003	1.0
2034	1995	1.0
3883	1999	1.0
3754	1957	1.0
3072	1993	1.0
2491	1984	1.0
1817	1992	1.0
5201	1999	1.0
7624	1987	1.0
4130	2001	1.0
2821	1917	1.0
1503	1984	1.0
5072	2002	1.0
2674	2006	1.0
1976	1998	1.0
9737	1990	1.0
2458	2004	1.0
1525	2003	1.0
1880	1990	1.0
6744	1998	1.0
2445	1994	1.0
2761	2002	1.0
3524	2002	1.0
8018	1977	1.0
9890	1977	1.0
5676	1991	1.0
9447	1993	1.0
5030	2001	1.0
1677	2006	1.0
9299	2007	1.0
1627	2006	1.0
1821	2008	1.0
2229	1994	1.0
1970	1990	1.0
2781	1961	1.0
9661	1955	1.0
7236	1951	1.0
3250	2000	1.0
1681	1928	1.0
5306	2004	1.0
1469	1963	1.0
4392	2005	1.0
1809	1988	1.0
3296	2007	1.0
8843	2006	1.0
1582	1961	1.0
4504	1919	1.0
1910	800	1.0
3764	1938	1.0
3106	1955	1.0
2931	1884	1.0
2885	2008	1.0
6636	2007	1.0
3501	2003	1.0
8111	1982	1.0
1763	2005	1.0
2398	2000	1.0
3948	1599	1.0
2976	1975	1.0
1781	2003	1.0
1774	2004	1.0
1975	2005	1.0
2347	1993	1.0
4740	2007	1.0
3641	1922	1.0
3581	1973	1.0
2810	1965	1.0
1570	1968	1.0
2298	1995	1.0
2315	1970	1.0
3451	1929	1.0
4517	1982	1.0
6777	2003	1.0
1574	1969	1.0
5254	1986	1.0
1796	2004	1.0
2124	1991	1.0
3156	2002	1.0
2965	1990	1.0
1762	1998	1.0
4383	1957	1.0
1492	1890	1.0
6772	1120	1.0
1895	1990	1.0
6283	1978	1.0
2824	2009	1.0
2903	1988	1.0
8906	1729	1.0
6311	1963	1.0
8399	1983	1.0
2195	2007	1.0
2499	1853	1.0
1764	2008	1.0
2620	1984	1.0
1971	2008	1.0
2722	1981	1.0
2181	1968	1.0
1548	1970	1.0
1742	1991	1.0
3864	2009	1.0
2873	1977	1.0
1630	2009	1.0
6600	1974	1.0
1968	2004	1.0
2064	2000	1.0
3456	2007	1.0
2296	1997	1.0
7338	1999	1.0
5116	1963	1.0
9784	1994	1.0
2555	1979	1.0
9588	2006	1.0
2471	2006	1.0
3584	1993	1.0
5166	2008	1.0
2382	2002	1.0
3410	1974	1.0
4753	1971	1.0
3028	1987	1.0
2297	1808	1.0
4149	-458	1.0
3459	1782	1.0
4537	-411	1.0
8525	2009	1.0
8386	2002	1.0
2357	2001	1.0
5482	2006	1.0
1458	1994	1.0
7714	1961	1.0
8412	1995	1.0
3497	1999	1.0
5684	2007	1.0
2287	2008	1.0
1685	2001	1.0
3921	2005	1.0
2490	1819	1.0
1953	1850	1.0
6302	1871	1.0
3537	2007	1.0
3003	1979	1.0
2593	2009	1.0
2134	2008	1.0
6610	2007	1.0
5815	2008	1.0
2853	2010	1.0
1532	2011	1.0
6745	1955	1.0
1946	2008	1.0
3792	2006	1.0
2337	1987	1.0
4716	1901	1.0
2251	2010	1.0
4820	1985	1.0
2844	2006	1.0
5540	1606	1.0
6063	1906	1.0
4423	1996	1.0
5801	1989	1.0
4124	2004	1.0
5014	2006	1.0
9892	2008	1.0
3144	2008	1.0
8542	2005	1.0
4066	1997	1.0
6585	2005	1.0
3431	2004	1.0
9676	2010	1.0
3744	1994	1.0
5365	2009	1.0
5952	2007	1.0
9592	2002	1.0
4171	1999	1.0
6096	1987	1.0
6539	2001	1.0
2263	2009	1.0
1427	2007	1.0
5182	1997	1.0
9587	1948	1.0
6752	1980	1.0
6264	1980	1.0
4898	1954	1.0
7095	1998	1.0
6627	2005	1.0
1712	2005	1.0
2211	1991	1.0
7910	1998	1.0
5765	1991	1.0
7946	1990	1.0
1832	2008	1.0
4455	1973	1.0
7370	1983	1.0
4429	1984	1.0
5636	2008	1.0
5989	2009	1.0
4877	1940	1.0
2864	2004	1.0
4039	2009	1.0
1478	1938	1.0
4434	1958	1.0
4567	1944	1.0
4419	1948	1.0
1639	1990	1.0
5967	2004	1.0
3830	2001	1.0
2807	2005	1.0
5759	2011	1.0
3814	2010	1.0
4827	2005	1.0
3151	1966	1.0
3575	1974	1.0
2446	1931	1.0
6427	1986	1.0
6003	1938	1.0
2695	1990	1.0
5224	2011	1.0
2507	2001	1.0
3427	2011	1.0
2754	1998	1.0
4501	2004	1.0
4204	2009	1.0
2526	2007	1.0
4159	2009	1.0
1602	2010	1.0
2720	1946	1.0
4748	1996	1.0
1930	2001	1.0
7538	1925	1.0
2409	1991	1.0
8257	2007	1.0
1632	1929	1.0
6760	1982	1.0
6389	1992	1.0
8109	2006	1.0
3485	2006	1.0
2579	1998	1.0
2494	2011	1.0
2076	-1750	1.0
1955	1998	1.0
5846	2009	1.0
1496	2000	1.0
9991	1991	1.0
1494	2007	1.0
2780	2006	1.0
4657	1959	1.0
4909	1998	1.0
9239	2003	1.0
7878	1977	1.0
2291	2006	1.0
5541	2001	1.0
3663	2001	1.0
5194	2001	1.0
5402	2003	1.0
9855	2008	1.0
4777	1930	1.0
1698	2007	1.0
7079	1990	1.0
5908	1934	1.0
2708	2010	1.0
4390	2002	1.0
7249	2002	1.0
2836	1993	1.0
5134	1987	1.0
1911	2010	1.0
6906	2011	1.0
3336	2008	1.0
3326	2009	1.0
3687	2008	1.0
3463	2011	1.0
1868	1954	1.0
2198	1982	1.0
5158	1999	1.0
3170	2008	1.0
2183	2010	1.0
1791	2007	1.0
6306	1990	1.0
1507	1952	1.0
2294	2011	1.0
4519	2004	1.0
7541	1992	1.0
1841	2008	1.0
4892	2010	1.0
6059	2009	1.0
9744	1993	1.0
3906	1995	1.0
3166	2000	1.0
2224	1996	1.0
2303	1996	1.0
8790	1997	1.0
3220	2008	1.0
9621	2009	1.0
5199	2009	1.0
4688	1998	1.0
1654	2012	1.0
2546	2005	1.0
9600	2009	1.0
8719	1981	1.0
5626	1885	1.0
1931	1984	1.0
7562	1894	1.0
4058	2012	1.0
3282	2011	1.0
6465	2008	1.0
4167	2003	1.0
5444	2004	1.0
6036	2012	1.0
6908	1984	1.0
3655	2012	1.0
2916	2012	1.0
3469	1959	1.0
4570	2013	1.0
6903	2003	1.0
2751	1997	1.0
4349	2002	1.0
4799	1990	1.0
8401	1977	1.0
8445	1987	1.0
1542	2012	1.0
1528	1999	1.0
3652	2004	1.0
6541	2007	1.0
2140	2012	1.0
5049	1979	1.0
6769	2013	1.0
6933	2013	1.0
9142	2009	1.0
6455	1890	1.0
3520	1972	1.0
5491	1950	1.0
3080	1885	1.0
9139	1983	1.0
3507	2013	1.0
1894	2013	1.0
8087	1995	1.0
3845	2012	1.0
7961	2000	1.0
7825	2008	1.0
2972	2012	1.0
7438	2014	1.0
3042	2003	1.0
1559	2012	1.0
4406	1996	1.0
4004	1938	1.0
6316	1888	1.0
3351	1874	1.0
5785	1944	1.0
1839	2007	1.0
7186	1997	1.0
6666	2013	1.0
6082	2014	1.0
4295	2007	1.0
2156	1993	1.0
5972	1885	1.0
3535	1997	1.0
1601	1995	1.0
2946	1990	1.0
9202	2013	1.0
7279	1995	1.0
9021	2001	1.0
5389	1839	1.0
7032	1954	1.0
7802	2014	1.0
2567	2011	1.0
2563	2010	1.0
2611	2004	1.0
4654	2014	1.0
7017	2010	1.0
7654	2003	1.0
2244	2013	1.0
9808	2007	1.0
9619	2014	1.0
9380	2012	1.0
1721	1926	1.0
2180	2011	1.0
1799	2011	1.0
2557	1992	1.0
3421	2010	1.0
3527	2012	1.0
2876	2015	1.0
4411	2004	1.0
1926	2006	1.0
4856	2013	1.0
6252	2005	1.0
4652	2012	1.0
2040	2013	1.0
2437	2013	1.0
4241	2013	1.0
3980	2013	1.0
6100	2013	1.0
6067	1997	1.0
1773	2013	1.0
6416	2014	1.0
6456	1886	1.0
3401	2015	1.0
4085	1989	1.0
1403	2009	1.0
1728	2015	1.0
2395	2015	1.0
1472	2015	1.0
5161	2015	1.0
1794	2015	1.0
1508	2015	1.0
3709	2003	1.0
6259	1984	1.0
4041	2016	1.0
5663	2015	1.0
8824	1995	1.0
3241	2016	1.0
2955	2013	1.0
4738	2013	1.0
3594	1905	1.0
2123	1981	1.0
3534	2014	1.0
3200	1998	1.0
3359	1995	1.0
2936	1990	1.0
1704	1961	1.0
2045	1981	1.0
4228	1997	1.0
5879	1999	1.0
7014	2000	1.0
3869	2003	1.0
1727	1988	1.0
6284	1992	1.0
6029	1985	1.0
9132	1994	1.0
5439	1987	1.0
2923	1992	1.0
5310	1967	1.0
1802	1999	1.0
4800	1992	1.0
3393	1990	1.0
7464	1999	1.0
7578	2001	1.0
5957	1992	1.0
1825	1981	1.0
2270	2007	1.0
1533	1992	1.0
3646	2005	1.0
3837	1993	1.0
3595	1942	1.0
6665	1982	1.0
4795	1976	1.0
2513	2001	1.0
2155	2002	1.0
3636	2008	1.0
2004	1962	1.0
3614	1997	1.0
4632	2000	1.0
3455	2003	1.0
1573	2001	1.0
1748	2005	1.0
1694	2007	1.0
2860	1956	1.0
8856	1949	1.0
3425	1995	1.0
1561	1957	1.0
4733	1859	1.0
6126	2008	1.0
1411	1940	1.0
1486	1871	1.0
2199	1949	1.0
1691	1845	1.0
3916	1956	1.0
2259	1988	1.0
2172	1968	1.0
7592	1982	1.0
1464	2003	1.0
3126	1925	1.0
5437	1900	1.0
7169	1953	1.0
8703	2003	1.0
2927	1995	1.0
1537	2006	1.0
2047	1982	1.0
2406	1985	1.0
9647	1977	1.0
2981	2007	1.0
2072	2006	1.0
2632	1996	1.0
1806	1996	1.0
3634	2005	1.0
7652	2003	1.0
2062	2002	1.0
7597	1999	1.0
2314	1932	1.0
2621	1999	1.0
4222	1919	1.0
3076	1969	1.0
1800	1969	1.0
4103	1992	1.0
1675	1988	1.0
2740	1980	1.0
5751	2001	1.0
2021	2007	1.0
3219	2002	1.0
9761	1939	1.0
2600	1886	1.0
1827	2001	1.0
1481	2009	1.0
3340	2000	1.0
2982	1833	1.0
1554	2006	1.0
1397	2006	1.0
2098	1965	1.0
2182	2008	1.0
2038	2009	1.0
2394	2007	1.0
7401	1992	1.0
2074	1994	1.0
1394	2007	1.0
1829	1976	1.0
3933	2005	1.0
2979	2008	1.0
3205	1983	1.0
4250	1925	1.0
2128	1999	1.0
3772	1978	1.0
2612	1993	1.0
7260	1979	1.0
9860	1966	1.0
4273	1485	1.0
7800	2010	1.0
1862	1991	1.0
2640	1992	1.0
5367	1984	1.0
2487	2000	1.0
2007	2000	1.0
5777	1997	1.0
3504	2003	1.0
2959	2004	1.0
1857	1984	1.0
6401	2010	1.0
2911	2001	1.0
1945	2007	1.0
3611	2009	1.0
6580	2009	1.0
1560	2010	1.0
5084	1949	1.0
4232	1993	1.0
1662	1970	1.0
4854	2010	1.0
7429	1995	1.0
3717	1762	1.0
5231	2010	1.0
2701	1983	1.0
7986	2007	1.0
3824	1995	1.0
7328	2010	1.0
7150	2001	1.0
3277	2002	1.0
4959	2009	1.0
2121	2010	1.0
1870	2000	1.0
2429	2003	1.0
2354	2006	1.0
3940	2010	1.0
3058	2006	1.0
3829	2009	1.0
3476	1992	1.0
3831	1999	1.0
1576	2010	1.0
9360	1996	1.0
8371	1996	1.0
9147	1996	1.0
7047	1984	1.0
3929	1994	1.0
4304	2009	1.0
3782	2006	1.0
8195	2004	1.0
5717	1942	1.0
4588	1996	1.0
5418	2011	1.0
2668	1959	1.0
9616	2007	1.0
6935	1947	1.0
4028	2009	1.0
6263	2008	1.0
8478	1985	1.0
5568	2005	1.0
4214	2001	1.0
3102	2008	1.0
6632	1963	1.0
4844	1954	1.0
6658	1991	1.0
8266	2011	1.0
7313	1999	1.0
9888	1983	1.0
3610	2001	1.0
9767	1979	1.0
3279	1989	1.0
3886	1969	1.0
6458	2010	1.0
9901	2005	1.0
2005	2011	1.0
3724	2009	1.0
5106	2010	1.0
7620	1911	1.0
4585	1998	1.0
2030	1996	1.0
3817	1963	1.0
7647	1990	1.0
4967	2011	1.0
3309	2010	1.0
5728	2006	1.0
6582	2002	1.0
7055	1979	1.0
3416	2009	1.0
2177	1842	1.0
2014	1985	1.0
7645	1997	1.0
6514	1997	1.0
3094	1989	1.0
1635	1999	1.0
3375	1981	1.0
1815	1987	1.0
1864	1987	1.0
3625	2004	1.0
7106	1939	1.0
8334	1958	1.0
4363	1992	1.0
9716	1985	1.0
3369	2005	1.0
1583	2006	1.0
1732	1924	1.0
8057	1944	1.0
4417	2010	1.0
5680	2011	1.0
3823	2011	1.0
7558	2004	1.0
9058	1994	1.0
3159	1969	1.0
6181	1982	1.0
9038	2005	1.0
3420	2012	1.0
5772	2006	1.0
1506	2005	1.0
6287	2010	1.0
1416	2012	1.0
2971	2009	1.0
3970	2010	1.0
4874	2004	1.0
5398	2003	1.0
5993	2004	1.0
1680	2004	1.0
8016	2002	1.0
1753	2011	1.0
3788	2006	1.0
4756	1991	1.0
4140	2006	1.0
4586	1962	1.0
6425	1985	1.0
9119	1994	1.0
5336	2000	1.0
8210	1836	1.0
6863	1965	1.0
5057	1975	1.0
2550	1998	1.0
7204	1845	1.0
1517	2012	1.0
4211	2012	1.0
3323	1843	1.0
2514	2003	1.0
3060	2009	1.0
6561	1991	1.0
3109	1969	1.0
2175	2004	1.0
3488	1979	1.0
3179	2005	1.0
6628	2002	1.0
3712	2004	1.0
6670	1980	1.0
3259	2012	1.0
1888	1997	1.0
9215	1996	1.0
8881	2013	1.0
4995	2009	1.0
2423	2009	1.0
5911	2002	1.0
8894	2009	1.0
3052	2006	1.0
3350	2007	1.0
6279	2004	1.0
3195	2009	1.0
2616	2003	1.0
2441	2009	1.0
9043	1977	1.0
9985	2000	1.0
3404	-440	1.0
2697	2010	1.0
6377	2003	1.0
3705	2004	1.0
3870	2000	1.0
1634	2008	1.0
8212	1958	1.0
3938	1988	1.0
7253	1982	1.0
5168	1993	1.0
3668	2004	1.0
4328	1989	1.0
6942	2008	1.0
3947	2008	1.0
8963	1963	1.0
7099	2011	1.0
5081	1996	1.0
3896	2003	1.0
5404	1920	1.0
8440	1914	1.0
7333	1947	1.0
3974	1977	1.0
7075	1992	1.0
2648	1926	1.0
4511	2012	1.0
7513	1973	1.0
8470	1995	1.0
9483	2002	1.0
9191	2002	1.0
5672	2007	1.0
7383	1995	1.0
4724	2013	1.0
1529	2006	1.0
1903	2012	1.0
7139	2011	1.0
2067	2013	1.0
3292	1954	1.0
8585	2002	1.0
4415	1991	1.0
3696	2001	1.0
3999	2011	1.0
7115	1987	1.0
1879	2009	1.0
7345	1981	1.0
6615	1964	1.0
5334	1996	1.0
4072	2012	1.0
5275	2006	1.0
5616	1998	1.0
2888	2014	1.0
2904	2014	1.0
2832	2014	1.0
6767	2014	1.0
5656	2013	1.0
8335	2013	1.0
9938	2014	1.0
2320	2004	1.0
1615	2009	1.0
6366	2009	1.0
5202	2009	1.0
4163	1964	1.0
5067	2009	1.0
5960	2010	1.0
1708	2014	1.0
9611	2015	1.0
2515	2006	1.0
6748	2014	1.0
2327	2002	1.0
7010	2007	1.0
3015	2013	1.0
3017	2013	1.0
2665	2013	1.0
5063	2013	1.0
6127	2013	1.0
6286	2013	1.0
5555	2013	1.0
2178	2015	1.0
6122	2002	1.0
5790	2005	1.0
9109	2014	1.0
2963	1997	1.0
3140	1997	1.0
3392	1973	1.0
8637	2005	1.0
8726	1888	1.0
9963	1998	1.0
2859	1994	1.0
1962	2010	1.0
5969	2005	1.0
3132	2006	1.0
4638	1956	1.0
2254	2015	1.0
2290	2009	1.0
3545	2013	1.0
1952	2015	1.0
1538	2015	1.0
2615	2006	1.0
4568	2014	1.0
7605	2011	1.0
8305	2004	1.0
7811	2015	1.0
1483	2009	1.0
8979	1927	1.0
5926	2006	1.0
